Graph_ID,Original_Delta_min,Trial,Weights,Weighted_Delta_min,s_at_min,Gap_Change_Percent,Num_Evals,Weight_Attempts,Trial_Time_s
18,0.3566568660281488,1,"[np.float64(0.8116262258099887), np.float64(1.9063571821788405), np.float64(1.4907884894416696), np.float64(1.2374511199743694), np.float64(0.3964354168406294), np.float64(0.39638958863878504), np.float64(0.21035886311957896), np.float64(1.7457346769723767), np.float64(1.2421185223120967), np.float64(1.4453378978124864), np.float64(0.13911053916202465), np.float64(1.942828719107789), np.float64(1.6816410175208012), np.float64(0.5034443102887247), np.float64(0.4454674376934912), np.float64(0.44846856872152424), np.float64(0.6780602616231216), np.float64(1.097037220101252)]",0.23903425545758594,0.5873088235430318,-32.97920824585488,13,1,0.27928614616394043
18,0.3566568660281488,2,"[np.float64(0.9206955354200199), np.float64(0.6533353663762796), np.float64(1.262520499972521), np.float64(0.36503833523887946), np.float64(0.6550748322169144), np.float64(0.7960875022580142), np.float64(0.9665329700123683), np.float64(1.5918343266467259), np.float64(0.4793801861008835), np.float64(1.077045432985862), np.float64(1.2255876808378807), np.float64(0.18825578416799568), np.float64(1.2543352186127328), np.float64(0.4239958350058539), np.float64(0.22359802667203107), np.float64(1.9028825207813331), np.float64(1.9347008628416626), np.float64(1.635954961421276)]",0.263117322391194,0.6028132236616272,-26.226760942146633,8,1,0.14076972007751465
18,0.3566568660281488,3,"[np.float64(0.6787661614294043), np.float64(0.28557701661212936), np.float64(1.400042750373098), np.float64(0.9362897381052424), np.float64(0.3318726462050798), np.float64(1.0408361292114132), np.float64(0.16533819011891496), np.float64(1.8277087639496858), np.float64(0.5916819650400321), np.float64(1.3587923402725657), np.float64(0.6922510445698808), np.float64(1.0881292402378404), np.float64(1.1387495307522313), np.float64(0.45122346549850134), np.float64(1.9422107927526613), np.float64(1.5727523643861177), np.float64(1.8850479889719591), np.float64(1.8001719658125328)]",0.23706196704051585,0.6052411078286514,-33.53220150209978,12,1,0.3050367832183838
18,0.3566568660281488,4,"[np.float64(1.2360099597410616), np.float64(1.8515610465439218), np.float64(0.268135753898647), np.float64(0.47236743859637587), np.float64(0.18593184893002232), np.float64(0.7181276284502022), np.float64(0.8384868504100158), np.float64(0.6155631603704023), np.float64(1.6746012673886657), np.float64(0.7778313207178196), np.float64(0.6337755684060234), np.float64(1.131122558000672), np.float64(0.367756027452049), np.float64(1.6241742634326752), np.float64(0.24164622299156457), np.float64(1.9750851795409827), np.float64(1.567265061663649), np.float64(0.47755979491492756)]",0.4660212469380065,0.4970499204771799,30.66375312713768,9,1,0.15552210807800293
18,0.3566568660281488,5,"[np.float64(0.11049202253484457), np.float64(1.6493767140641848), np.float64(1.4430289533104725), np.float64(1.4851136192778758), np.float64(1.5654136587032967), np.float64(0.2406848382947717), np.float64(0.7810848842341179), np.float64(0.32015121309774647), np.float64(1.7398965091636276), np.float64(1.28426644097236), np.float64(0.7287062472200334), np.float64(0.2207608655434449), np.float64(0.6908664112597581), np.float64(0.7178483118508193), np.float64(1.4862517388423218), np.float64(1.3113591955749049), np.float64(1.7857042108950203), np.float64(0.9972083578077037)]",0.4576404978681019,0.43428098763651896,28.313945828252496,9,1,0.1444392204284668
18,0.3566568660281488,6,"[np.float64(0.32722906728277323), np.float64(1.4551650957236903), np.float64(1.545491592372105), np.float64(1.1664266753820427), np.float64(1.5648376419136658), np.float64(1.0382116330923423), np.float64(1.0931923758257887), np.float64(0.9123279348812443), np.float64(0.14829634081378087), np.float64(0.3049937112872785), np.float64(0.15971545280479507), np.float64(1.3091797814011827), np.float64(0.6972763640450207), np.float64(1.0662843132129352), np.float64(1.8243763004595768), np.float64(0.5736552353828623), np.float64(0.8797275537676965), np.float64(1.5355471632317925)]",0.05025564449110931,0.7722819716799333,-85.90924519391056,9,1,0.2695810794830322
18,0.3566568660281488,7,"[np.float64(0.5347165144340826), np.float64(0.2462618286747067), np.float64(0.6505277605361592), np.float64(0.4063204457826084), np.float64(1.8664255394508888), np.float64(1.6354287211723921), np.float64(1.3034671373698046), np.float64(1.7557751213566635), np.float64(1.6269769461083174), np.float64(0.45448311188346807), np.float64(1.7958620971309578), np.float64(1.1247502596397363), np.float64(1.6341362948117188), np.float64(1.8025734698546372), np.float64(0.7042066024465413), np.float64(0.30909865660258584), np.float64(0.5330768088296892), np.float64(0.911504798389887)]",0.5989680116003626,0.3996339572317013,67.93957123850511,11,1,0.14309906959533691
18,0.3566568660281488,8,"[np.float64(1.6542280552527369), np.float64(1.7353881081870524), np.float64(0.11320904800926235), np.float64(1.0704198748973748), np.float64(0.8930809059826801), np.float64(0.5220048398943875), np.float64(0.32774419793399734), np.float64(0.7414688256668931), np.float64(1.8915284374337864), np.float64(0.7140855708394349), np.float64(1.0857021813123955), np.float64(1.435736021900838), np.float64(0.7908962445206585), np.float64(1.9463859571698252), np.float64(1.9286498603900113), np.float64(0.5783863620681918), np.float64(1.0447721611955323), np.float64(0.6716687886518623)]",0.15339179375707523,0.7794605448912733,-56.9917732230146,9,1,0.2421281337738037
18,0.3566568660281488,9,"[np.float64(0.6411969393171885), np.float64(0.17008519997361232), np.float64(1.258172234561804), np.float64(1.0550901441348368), np.float64(0.19780962737497976), np.float64(0.6294282820495617), np.float64(1.825705183336642), np.float64(0.5551675922672475), np.float64(0.37530025697332386), np.float64(1.0299602445273697), np.float64(1.9727358628101412), np.float64(0.5599050158718508), np.float64(1.377057540071169), np.float64(1.5470772691245633), np.float64(0.5515113335855594), np.float64(1.4836110623625332), np.float64(0.798787952166581), np.float64(1.301381078127801)]",0.45233651604903535,0.596103602222861,26.826807257745365,12,1,0.28093600273132324
18,0.3566568660281488,10,"[np.float64(1.3037064504456999), np.float64(1.1179718997420411), np.float64(0.2715505631033758), np.float64(1.6870747416195522), np.float64(0.709482123446298), np.float64(0.45438516975972304), np.float64(0.17747276895405145), np.float64(1.2226965920576593), np.float64(1.3873722875003365), np.float64(0.1315168749629267), np.float64(1.0729768107686337), np.float64(0.5303419728760821), np.float64(1.3258283017779546), np.float64(0.43129621510948374), np.float64(1.4127817023946851), np.float64(0.834797157971021), np.float64(1.8797869785997956), np.float64(0.3612897938773872)]",0.24619152380008646,0.6105277560693834,-30.972442352853495,8,1,0.16304516792297363
6,0.3746627450759376,1,"[np.float64(0.7480260669954911), np.float64(0.3155996903571192), np.float64(1.8569178747292692), np.float64(1.7669447714238637), np.float64(0.5900890926587956), np.float64(1.35396968746494), np.float64(1.65272218038231), np.float64(1.1548815420389784), np.float64(1.1063360988764124), np.float64(0.5595193527108582), np.float64(0.2768952588312085), np.float64(1.8047099401113207), np.float64(1.8107943086103278), np.float64(1.3028927688192091), np.float64(0.7441566029925313), np.float64(0.7634981917640556), np.float64(1.4793157898534548), np.float64(1.8045094939098965)]",0.18140159623373897,0.4863372687253801,-51.582697074145436,10,1,0.16551709175109863
6,0.3746627450759376,2,"[np.float64(1.7854642061037227), np.float64(1.5817635371294854), np.float64(1.3198601276931468), np.float64(0.2598659334905928), np.float64(0.40709455677976614), np.float64(1.8072529582014505), np.float64(1.2522152133532207), np.float64(0.11747439807159633), np.float64(0.292795931445461), np.float64(1.360653361305306), np.float64(0.10961700930781551), np.float64(0.4055352976932474), np.float64(1.1425941997965137), np.float64(1.414600875616117), np.float64(1.338726393054941), np.float64(0.5261116879750636), np.float64(1.453140520560318), np.float64(0.5507732662439201)]",0.4533632485967196,0.43528023309540753,21.005692334003154,8,1,0.10486388206481934
6,0.3746627450759376,3,"[np.float64(0.7182594265026087), np.float64(1.5183336697242458), np.float64(1.3343025081897077), np.float64(1.713524479938938), np.float64(1.3494644953706523), np.float64(1.179786346337396), np.float64(0.2779820588733757), np.float64(0.7986600258129236), np.float64(0.6038844985952784), np.float64(0.5635803224202588), np.float64(1.9487200540296465), np.float64(0.8468856768668448), np.float64(1.7948884548365152), np.float64(1.2991633893947994), np.float64(1.610141476729132), np.float64(1.055010476899865), np.float64(1.1961173807900822), np.float64(1.0357836182558413)]",0.08731499442088797,0.9899352151778751,-76.69504225641897,20,1,0.3416619300842285
6,0.3746627450759376,4,"[np.float64(0.47096167681628454), np.float64(1.47265901899686), np.float64(0.633467488637626), np.float64(0.1462003362197623), np.float64(1.3263973622236187), np.float64(0.436510290873393), np.float64(1.886871310270537), np.float64(1.9124642963049159), np.float64(1.838242341418852), np.float64(0.8033015304853444), np.float64(0.12936757140484811), np.float64(1.8638052689166782), np.float64(0.9135498818028972), np.float64(1.9366441561829721), np.float64(1.9308779564695804), np.float64(1.720717965387984), np.float64(0.6594528949322128), np.float64(0.831685684343658)]",0.20387785896349975,0.7778776589810545,-45.58363177471054,10,1,0.18014192581176758
6,0.3746627450759376,5,"[np.float64(1.717159675882028), np.float64(0.7021518097969275), np.float64(0.4220362187035757), np.float64(1.1579223986708653), np.float64(1.8786940709054838), np.float64(1.4224566136824486), np.float64(1.1831162231697934), np.float64(0.28463533816446024), np.float64(1.2685137307284224), np.float64(1.9811023151981002), np.float64(0.36615962894939563), np.float64(1.0848263394910997), np.float64(1.7670088366631154), np.float64(1.5074603737329884), np.float64(1.424329907891009), np.float64(1.4347197595755075), np.float64(0.7830331873175348), np.float64(0.6578245041025373)]",0.03862669081605574,0.6917652109597158,-89.69027710288441,10,1,0.26177191734313965
6,0.3746627450759376,6,"[np.float64(1.637786195409176), np.float64(1.6392154498904434), np.float64(1.747437405302197), np.float64(1.8351570498572953), np.float64(1.0715505578357818), np.float64(1.0528809599056792), np.float64(1.6167608400368727), np.float64(1.3349314684777538), np.float64(1.4337370667896363), np.float64(1.612006071928592), np.float64(1.7910101494533759), np.float64(0.742190798017918), np.float64(0.8136076100158935), np.float64(0.2785656856976511), np.float64(1.1987322678927306), np.float64(0.16829032021380996), np.float64(0.9846362344516743), np.float64(1.1310248059443955)]",0.3492804040762678,0.4506428844947782,-6.774717084434226,9,1,0.13173675537109375
6,0.3746627450759376,7,"[np.float64(0.6444283790437404), np.float64(1.2225831950811203), np.float64(0.15795047488419392), np.float64(0.1709615586235074), np.float64(1.6629410652533505), np.float64(0.7843622186813994), np.float64(0.34141497403858106), np.float64(1.0922621941041282), np.float64(1.5629877508873606), np.float64(0.510059952244002), np.float64(1.2834919040561004), np.float64(0.26216018348815917), np.float64(0.19819527022035463), np.float64(1.1095737999794812), np.float64(1.1272067310592024), np.float64(1.3111168128465924), np.float64(1.479573534073057), np.float64(1.9541189509788157)]",0.4166942577897075,0.5081536968872328,11.218492702083527,12,1,0.20611786842346191
6,0.3746627450759376,8,"[np.float64(1.080970661772271), np.float64(0.7136172985883673), np.float64(1.610853770060537), np.float64(0.614581277397941), np.float64(0.9340456993407086), np.float64(0.24906712455030533), np.float64(0.14816641248936926), np.float64(1.9290319878880575), np.float64(1.688362228973191), np.float64(1.4223509915780261), np.float64(0.8770105943871127), np.float64(0.42925920813460694), np.float64(0.3972303810750635), np.float64(0.5754615065127311), np.float64(1.1435306629416289), np.float64(1.4577322531301184), np.float64(1.3543750157636893), np.float64(0.6318744041972914)]",0.13236400815099003,0.7214269518971663,-64.67115829086178,11,1,0.23758912086486816
6,0.3746627450759376,9,"[np.float64(1.9142440332600688), np.float64(1.50200414172196), np.float64(1.1532726997716614), np.float64(1.2622694178452691), np.float64(0.8972401186128008), np.float64(0.5706888800521992), np.float64(0.776348089437397), np.float64(1.5399076098823012), np.float64(0.12734762839653616), np.float64(0.3205380169631408), np.float64(0.18740501984133023), np.float64(0.17738472440604325), np.float64(1.7253751096209136), np.float64(1.436949932822045), np.float64(1.000930275265918), np.float64(0.2858849052369028), np.float64(1.0340701627219815), np.float64(0.9995963644830748)]",0.03201878649540646,0.9672464943018241,-91.4539710936787,14,1,0.6255311965942383
6,0.3746627450759376,10,"[np.float64(0.4290835528290288), np.float64(0.9243181335521488), np.float64(0.8571589953550095), np.float64(1.2701151862992113), np.float64(1.3066779366485233), np.float64(0.1860776185668846), np.float64(0.8117639677902952), np.float64(1.289133839857049), np.float64(1.0559588913021667), np.float64(1.7273306982578123), np.float64(1.3515179000759954), np.float64(0.4095754114547164), np.float64(0.2340806200608167), np.float64(1.3205966285919997), np.float64(0.15037149002908146), np.float64(1.2129736044195802), np.float64(1.8864374587074193), np.float64(1.19340093796417)]",0.45197514748832823,0.49143899831725557,20.635198836415068,13,1,0.22993111610412598
45,0.4307376733331818,1,"[np.float64(0.8375228597923916), np.float64(1.322247615040471), np.float64(0.9706804919338815), np.float64(1.1366718997002763), np.float64(1.8887831366753978), np.float64(0.833595011821471), np.float64(1.926262071265437), np.float64(1.820166219716521), np.float64(0.4720031560996632), np.float64(0.23178647166281435), np.float64(0.29147820261711066), np.float64(0.13462146873794448), np.float64(0.27944162543626394), np.float64(1.3977128694910779), np.float64(0.2352584320744351), np.float64(0.7060536975581464), np.float64(1.7052630908419637), np.float64(0.14421667789806916)]",0.17466642601029925,0.9127268459252184,-59.44946615449811,12,1,0.30440187454223633
45,0.4307376733331818,2,"[np.float64(1.647490116918978), np.float64(0.6355240720694598), np.float64(0.32451317248114686), np.float64(1.4238006141918862), np.float64(1.2949914088817795), np.float64(1.7671968257014006), np.float64(1.4966349832273829), np.float64(1.6266137677312122), np.float64(0.6358656878854823), np.float64(0.43713513318147335), np.float64(1.5261680281176309), np.float64(1.6329860046078015), np.float64(1.9819597698012792), np.float64(0.8839735861317103), np.float64(0.806834363006288), np.float64(1.5751846254097939), np.float64(0.7475267264807339), np.float64(1.868438918646773)]",0.03357748388806492,0.708964387360269,-92.20465588063567,11,1,0.5213959217071533
45,0.4307376733331818,3,"[np.float64(1.7309842285017223), np.float64(0.9150886520125349), np.float64(1.526655028803845), np.float64(1.5336314607608963), np.float64(0.29593535078827193), np.float64(1.8148505226911766), np.float64(1.0599795076509286), np.float64(1.670269185604709), np.float64(0.7080942419581623), np.float64(1.8014941341427808), np.float64(0.8394831895949099), np.float64(0.12059153781256689), np.float64(1.8202257551966008), np.float64(0.2734446858936538), np.float64(0.7066959114217882), np.float64(1.9051177373965293), np.float64(1.9061535791813564), np.float64(1.1895319874342436)]",0.5307563958148531,0.4056927928667298,23.22033308758331,9,1,0.13827919960021973
45,0.4307376733331818,4,"[np.float64(1.3004907031226185), np.float64(0.9520464917588075), np.float64(0.6571004662263226), np.float64(0.7244626362028403), np.float64(1.377785066546373), np.float64(1.529511605931592), np.float64(1.6040001830791122), np.float64(1.6002744713096524), np.float64(0.2732915957925117), np.float64(1.0393985789349047), np.float64(0.20936164403162413), np.float64(1.1441048764150974), np.float64(0.9389079526094163), np.float64(1.7866379472407694), np.float64(0.7667385238489495), np.float64(0.32242733121245115), np.float64(0.3716841959003881), np.float64(1.546870200263197)]",0.2659372761287866,0.8760202254384472,-38.26003793193165,10,1,0.2039170265197754
45,0.4307376733331818,5,"[np.float64(1.274614320300896), np.float64(0.29213308463330145), np.float64(0.2598029316184951), np.float64(1.431841349772328), np.float64(0.2382497120919677), np.float64(1.6615341126516767), np.float64(1.4418602315973428), np.float64(0.25456268321960956), np.float64(0.2611916567618646), np.float64(1.9746151991522334), np.float64(0.8111145119366285), np.float64(0.8042200794270927), np.float64(1.6443191777892547), np.float64(1.8997722970293314), np.float64(1.9734020212634547), np.float64(1.531418551991989), np.float64(0.8148932125087399), np.float64(0.25865136172747066)]",0.4943250810345443,0.4332333434968337,14.762443974148676,10,1,0.17225885391235352
45,0.4307376733331818,6,"[np.float64(1.5765791402621299), np.float64(1.1609680744980295), np.float64(0.9060218175692549), np.float64(1.8220733316799982), np.float64(0.31127521638168754), np.float64(1.0359876981526324), np.float64(0.12157192505809623), np.float64(0.9904552197888399), np.float64(0.20697622379549097), np.float64(0.32575404090933663), np.float64(0.32329986887649925), np.float64(1.3334995740205207), np.float64(1.5174852706043043), np.float64(1.2084006536846033), np.float64(1.9281278421016295), np.float64(0.8122541010950377), np.float64(0.6428529639355354), np.float64(1.7503383435599744)]",0.24369605295164654,0.5456455772034012,-43.42355729744955,11,1,0.18317794799804688
45,0.4307376733331818,7,"[np.float64(0.52483209318696), np.float64(1.9301228249371614), np.float64(0.12309350191065105), np.float64(1.9427697707445142), np.float64(0.1820038327060946), np.float64(1.793171916026335), np.float64(1.1026321072639698), np.float64(1.9866331126266705), np.float64(0.24021347299725784), np.float64(1.1523231403625094), np.float64(1.941674817676288), np.float64(1.0938859039232827), np.float64(1.2958574124569988), np.float64(1.4219225090707726), np.float64(0.963628023058769), np.float64(1.2923603521597204), np.float64(1.2101971926538904), np.float64(1.812200219932879)]",0.39446815436881266,0.6993296490784839,-8.420326618682862,11,1,0.2158195972442627
45,0.4307376733331818,8,"[np.float64(0.18634812264876996), np.float64(0.6338300602252376), np.float64(1.9057818197454615), np.float64(1.7915011893927408), np.float64(0.9657478302928545), np.float64(1.2782519358229198), np.float64(0.6270242476641521), np.float64(0.45743020347514646), np.float64(0.981026969385966), np.float64(0.7713692332495004), np.float64(1.2089466125166568), np.float64(0.2476958102334712), np.float64(1.9513501345657163), np.float64(1.9738004145112453), np.float64(1.4265072566375157), np.float64(1.1185830960538288), np.float64(0.6881024709440227), np.float64(1.6462105374432023)]",0.2652239217664505,0.49349209044813463,-38.42565018423732,11,1,0.19830608367919922
45,0.4307376733331818,9,"[np.float64(1.4009892278523706), np.float64(0.40897218475529346), np.float64(1.8307616505383006), np.float64(1.662820761554021), np.float64(1.9046198352546555), np.float64(1.478867065937884), np.float64(1.2654888722780007), np.float64(0.8946617689521759), np.float64(1.872184118372625), np.float64(1.7455213900507758), np.float64(0.18591547320175988), np.float64(0.15009725154477882), np.float64(0.8152803970682942), np.float64(1.6400513284854825), np.float64(1.9758246456983943), np.float64(0.38579209309670354), np.float64(1.2288483591690567), np.float64(0.8236926275989408)]",0.6277865329067609,0.37819227110809017,45.74683659517262,9,1,0.15206503868103027
45,0.4307376733331818,10,"[np.float64(1.942837355847746), np.float64(1.7000259539578464), np.float64(1.6928245389511618), np.float64(0.9905170036104435), np.float64(0.8881570544415638), np.float64(0.6194734366683419), np.float64(0.2071134436367615), np.float64(1.7429725148846011), np.float64(1.6445119173471474), np.float64(1.9994635792436481), np.float64(1.99360999044042), np.float64(1.155320240644992), np.float64(1.56107608884297), np.float64(1.895054886776613), np.float64(1.7143300422870817), np.float64(0.5699613933120755), np.float64(0.9560338570891777), np.float64(0.3454028887878405)]",0.0552094760982591,0.8163862489007586,-87.18257549402841,11,1,0.508721113204956
14,0.4352161265331302,1,"[np.float64(1.9126969517915724), np.float64(1.251731805456672), np.float64(0.5344213304565791), np.float64(1.3762313003711277), np.float64(1.274443656870002), np.float64(0.7805091642623969), np.float64(0.3157594251792951), np.float64(1.3759890716263192), np.float64(1.0885846317172072), np.float64(1.5674049442977147), np.float64(1.0883106521127874), np.float64(1.7191448506052263), np.float64(1.1486229936715224), np.float64(1.165782145917234), np.float64(1.7656418450508555), np.float64(0.8666174458035544), np.float64(0.35462893405621737), np.float64(0.15468708499534406)]",0.17988602162788858,0.7551191998674653,-58.66742736285187,11,1,0.328732967376709
14,0.4352161265331302,2,"[np.float64(1.534760785779876), np.float64(1.2785881475715828), np.float64(1.4377515593885246), np.float64(0.5046319068669304), np.float64(0.35910580361486255), np.float64(0.12763486476897568), np.float64(0.7661163617325343), np.float64(1.2208436050238027), np.float64(0.8452636856894914), np.float64(0.9312023518450852), np.float64(1.8179015195381218), np.float64(0.7616853873442706), np.float64(1.0765800294036405), np.float64(1.5889407242081717), np.float64(0.8534312864104133), np.float64(1.2819647304329596), np.float64(1.7384910466188157), np.float64(1.9040891849495198)]",0.45556655692751313,0.4944557416066437,4.675936656229075,10,1,0.17755532264709473
14,0.4352161265331302,3,"[np.float64(0.37943961376517205), np.float64(1.8605164878068392), np.float64(1.0350209568511226), np.float64(0.5906643377680209), np.float64(0.9723579368526964), np.float64(1.9620618930424063), np.float64(1.0359743785864521), np.float64(0.7246280595462655), np.float64(1.3034616232017788), np.float64(0.5562766756785669), np.float64(0.24414032340646144), np.float64(0.3448714716302335), np.float64(0.34328709401976765), np.float64(0.38861511767335927), np.float64(0.36377162803387925), np.float64(1.3176620151261076), np.float64(0.44557216035837516), np.float64(0.7567678383153401)]",0.12342416557335412,0.9019871074368785,-71.64071870301923,10,1,0.31050801277160645
14,0.4352161265331302,4,"[np.float64(1.8038979788214224), np.float64(1.0005271164994574), np.float64(1.3683597031899515), np.float64(0.42740775528309666), np.float64(0.46534913573647446), np.float64(0.17765037090630983), np.float64(0.42097661983711265), np.float64(0.6293216441607213), np.float64(0.43631992012581894), np.float64(0.2685348141384057), np.float64(0.32920815509114154), np.float64(0.9754796592621789), np.float64(0.49203406497100577), np.float64(0.7921127359913434), np.float64(1.056492814624228), np.float64(1.411750174395794), np.float64(0.17469306569808798), np.float64(1.618879757927181)]",0.11341423692551089,0.685972492663122,-73.94070899234535,14,1,0.33518314361572266
14,0.4352161265331302,5,"[np.float64(1.2930107400327246), np.float64(0.25534216070285665), np.float64(1.7597993858028766), np.float64(1.8496575610104449), np.float64(0.21604812372424112), np.float64(0.6260675314796871), np.float64(1.6317824316068166), np.float64(1.521693411728951), np.float64(0.4505899367771169), np.float64(0.4977637143397496), np.float64(0.8038969953036258), np.float64(1.0205936718629405), np.float64(1.2746840659075622), np.float64(0.8009359151825676), np.float64(0.9788159606529809), np.float64(1.5201947824541373), np.float64(0.169698085492136), np.float64(0.5796301942536394)]",0.603173458120204,0.4367438239395666,38.591706820470556,9,1,0.15837907791137695
14,0.4352161265331302,6,"[np.float64(1.4553642131806497), np.float64(1.8008929916056786), np.float64(1.0721871400197656), np.float64(1.1110156220040996), np.float64(0.3036268215455745), np.float64(0.9500834969645637), np.float64(1.111972806264544), np.float64(0.5606939569059863), np.float64(0.6115621388038238), np.float64(0.816839909898783), np.float64(0.13813527577768012), np.float64(0.7119504146080388), np.float64(0.5017512132934349), np.float64(0.7222449691380378), np.float64(0.3275480504565773), np.float64(1.7920018334058003), np.float64(1.2278256617526924), np.float64(1.3902944063745302)]",0.4271759003979616,0.5585939836962124,-1.84740997518081,11,1,0.22467517852783203
14,0.4352161265331302,7,"[np.float64(1.5994253533539426), np.float64(1.0470401779652088), np.float64(0.265148547366105), np.float64(1.1205024294552408), np.float64(1.2149981242396704), np.float64(1.516335000950227), np.float64(0.9201531378363909), np.float64(0.34240257531157114), np.float64(0.6391742210175765), np.float64(0.7898563631574067), np.float64(1.3272427585300424), np.float64(1.1844787788709326), np.float64(0.7765837792059078), np.float64(1.9743789727066614), np.float64(1.2509721567780856), np.float64(0.5507309042983894), np.float64(0.2933866979787671), np.float64(0.39043236445023083)]",0.5651303412054967,0.47376386827783645,29.850505703280035,12,1,0.23640108108520508
14,0.4352161265331302,8,"[np.float64(0.5673196839305654), np.float64(0.40529460919315574), np.float64(0.45447734569748094), np.float64(0.6416808205183094), np.float64(0.42940983106003416), np.float64(1.8038543067902078), np.float64(0.2524441167571202), np.float64(1.0965716401834837), np.float64(0.8797539712803568), np.float64(1.966519372126352), np.float64(0.31287391411929943), np.float64(0.855925638186909), np.float64(1.9419938232232008), np.float64(1.7444635391985623), np.float64(1.6524369348036319), np.float64(0.5900153713853856), np.float64(0.42468641604112506), np.float64(1.3704221178564189)]",0.02944099069123496,0.9780076242429407,-93.23531714558519,15,1,0.48181986808776855
14,0.4352161265331302,9,"[np.float64(1.865814379342413), np.float64(1.1578494967264665), np.float64(1.1860641099928098), np.float64(0.6319602779545399), np.float64(1.5620365730646801), np.float64(0.4553831222592944), np.float64(0.7149905491680629), np.float64(0.9083292333711919), np.float64(1.0644597195004646), np.float64(0.5605784915886525), np.float64(0.3181899670044867), np.float64(1.2601780806391019), np.float64(0.648398051156486), np.float64(1.2043526207029633), np.float64(0.3932891590209844), np.float64(1.0141661935241533), np.float64(1.1119199218480131), np.float64(0.1984647199626111)]",0.20233924994604813,0.8725951405431123,-53.50832894041546,11,1,0.2655620574951172
14,0.4352161265331302,10,"[np.float64(0.7395481285684491), np.float64(0.35538788618405104), np.float64(0.2204124438982587), np.float64(1.980924441540896), np.float64(0.7124723054519736), np.float64(1.6387614471238061), np.float64(0.5838172440511513), np.float64(1.3948551722254656), np.float64(1.5444329337904044), np.float64(1.231713607154904), np.float64(0.9959947582453008), np.float64(0.8824977368798101), np.float64(0.762849706431691), np.float64(1.866105374070869), np.float64(1.6781768747966852), np.float64(1.933551130266374), np.float64(0.336164724622535), np.float64(1.4886482028869241)]",0.32322905033031546,0.9741241580673794,-25.73137100752398,12,1,0.3270070552825928
10,0.4662412252266481,1,"[np.float64(1.882846867959972), np.float64(0.44434282571475425), np.float64(0.22634290799687723), np.float64(1.508129233651112), np.float64(1.1914989150418325), np.float64(1.6994746758407169), np.float64(0.36556751558995004), np.float64(1.6110078925337914), np.float64(0.4830919080907146), np.float64(0.4109462914448386), np.float64(0.41210501606888655), np.float64(1.6476919684396258), np.float64(1.3638747193227803), np.float64(1.0938243070613267), np.float64(0.7817779198346547), np.float64(1.7666810275449056), np.float64(0.8456457041030072), np.float64(1.6515389349959964)]",0.53590072605272,0.42761123898259656,14.940656693798182,9,1,0.12436676025390625
10,0.4662412252266481,2,"[np.float64(0.9343563262834149), np.float64(0.8161944159073243), np.float64(0.9790915927722522), np.float64(0.67261796091187), np.float64(1.520457822334877), np.float64(1.0551687411757102), np.float64(0.5412041207789529), np.float64(1.80919168922168), np.float64(0.8293933206091016), np.float64(1.1327504361165783), np.float64(1.822297010832639), np.float64(1.2860521922365848), np.float64(0.32210627734589176), np.float64(1.8856810348656026), np.float64(1.292645300835694), np.float64(0.7363206678484636), np.float64(0.36461693806043577), np.float64(1.6086478596135623)]",0.09832238715471142,0.9899352151778751,-78.91169166627958,20,1,0.3135039806365967
10,0.4662412252266481,3,"[np.float64(1.2781382362641756), np.float64(1.1135760747550107), np.float64(1.7983959077968195), np.float64(1.5983347013266083), np.float64(0.3881822714922272), np.float64(0.6922719288115416), np.float64(0.5721293656474848), np.float64(1.513497955888086), np.float64(0.16371162599798084), np.float64(1.1827904012555013), np.float64(1.548671502907312), np.float64(1.7658547098473238), np.float64(0.7499553225602241), np.float64(1.6603888788768244), np.float64(0.31020030021489375), np.float64(1.7082593542955844), np.float64(0.3422284584307666), np.float64(0.8548458520646978)]",0.724045775737137,0.42414903328495956,55.29424181338008,12,1,0.2302241325378418
10,0.4662412252266481,4,"[np.float64(1.6148611949811518), np.float64(0.3848431119626702), np.float64(0.5355776509420188), np.float64(1.472279879946826), np.float64(1.4680694194375412), np.float64(1.3181805024820648), np.float64(1.41850204448749), np.float64(1.1311764423604327), np.float64(0.5784182119232102), np.float64(0.7568223876574469), np.float64(0.44503566192270877), np.float64(1.8260560665338939), np.float64(1.2084444100556289), np.float64(0.8616176918509157), np.float64(0.977811026923852), np.float64(1.899838345262449), np.float64(0.3913676659205524), np.float64(1.2138366808319148)]",0.5474776774439007,0.4200878926089914,17.42369567979797,11,1,0.1388719081878662
10,0.4662412252266481,5,"[np.float64(1.0611884898804853), np.float64(1.2617630473258308), np.float64(0.13440934925959697), np.float64(1.7570354269938877), np.float64(1.8710247367188635), np.float64(1.173753048819497), np.float64(1.4236365653660952), np.float64(1.8527488242368617), np.float64(1.4437534051954573), np.float64(0.3898241815370965), np.float64(1.194947884316945), np.float64(1.2527585881274261), np.float64(0.9058482754745334), np.float64(1.4992440476869733), np.float64(1.875297328061128), np.float64(1.858580174522875), np.float64(0.9565948056678509), np.float64(0.315152287097435)]",0.46651990353259265,0.4057188670145633,0.059771270935780864,10,1,0.13691091537475586
10,0.4662412252266481,6,"[np.float64(1.9711982780284356), np.float64(1.6939063642472747), np.float64(0.33685909428620703), np.float64(1.8495995769730074), np.float64(1.7528030879180436), np.float64(1.085792308539537), np.float64(1.2234233279153655), np.float64(0.8581051373532474), np.float64(0.20404711376185952), np.float64(0.7368747591272117), np.float64(1.6254215523362217), np.float64(0.10880084370874543), np.float64(0.7336484262131739), np.float64(0.8565205178227923), np.float64(1.1210516455820534), np.float64(1.847725671184245), np.float64(0.7580573892953264), np.float64(0.7592110836028326)]",0.6013163272471118,0.4399689845089935,28.971076496893062,10,1,0.15789318084716797
10,0.4662412252266481,7,"[np.float64(1.5012523714085217), np.float64(0.9592140876906335), np.float64(0.5267491635859657), np.float64(0.9596350806521174), np.float64(0.3676283387216197), np.float64(0.43513527436182425), np.float64(1.0468987682050115), np.float64(0.895958354058641), np.float64(1.83820721202939), np.float64(0.7885484083216029), np.float64(1.2031178655282826), np.float64(1.3013021470471076), np.float64(0.12487946751783391), np.float64(1.3607210068317501), np.float64(0.4382683370525277), np.float64(1.9260336031919647), np.float64(0.3824591827309146), np.float64(0.887785835081345)]",0.134287983137801,0.9899566649438,-71.19774574362849,20,1,0.5532560348510742
10,0.4662412252266481,8,"[np.float64(0.26216436934942333), np.float64(1.9940610785072999), np.float64(1.054170519629361), np.float64(1.2312315329080832), np.float64(0.22744530703801222), np.float64(1.5249248937584376), np.float64(0.49882062688161294), np.float64(1.806303149937356), np.float64(0.4897653169158136), np.float64(0.4623066692609665), np.float64(0.16944436891138026), np.float64(0.9969271957089986), np.float64(1.1731981531989712), np.float64(0.2248464149138695), np.float64(1.57350247172052), np.float64(0.9612487860212524), np.float64(1.096341511722402), np.float64(0.9374492191826335)]",0.42809695041912654,0.4965245446399872,-8.181231676580932,10,1,0.15671133995056152
10,0.4662412252266481,9,"[np.float64(0.8614498156631193), np.float64(1.1633166294856139), np.float64(0.39495646726835376), np.float64(0.44566344794101515), np.float64(1.7373926799256827), np.float64(1.8976193780539021), np.float64(0.8092877009315306), np.float64(0.6144148789727522), np.float64(1.3235991321541298), np.float64(0.8765949250863831), np.float64(0.14823407575465525), np.float64(0.39668993499576166), np.float64(1.4603472348100552), np.float64(1.3519554896292876), np.float64(0.15148238575661863), np.float64(0.5217471076726039), np.float64(0.5390421135173357), np.float64(1.376596212837584)]",0.1714933127400169,0.6510249439502948,-63.2179002067758,10,1,0.2913179397583008
10,0.4662412252266481,10,"[np.float64(0.1374500217332919), np.float64(0.2978063057706903), np.float64(1.6198405622090597), np.float64(0.43923485790323386), np.float64(1.340217604918562), np.float64(0.5525472839887804), np.float64(0.2889386462427558), np.float64(0.5620271628989627), np.float64(1.4723071705257524), np.float64(1.7258232894019427), np.float64(1.677417742677284), np.float64(0.8546487062750642), np.float64(1.3693617594842276), np.float64(0.4894701612900598), np.float64(0.6569806874959252), np.float64(1.8030380551901275), np.float64(0.12470365467039847), np.float64(0.26246620862348935)]",0.09443510899612662,0.6299330260590058,-79.74543993825942,9,1,0.17295265197753906
39,0.4741417384765931,1,"[np.float64(0.4949838847774519), np.float64(0.15041118736025746), np.float64(0.4447273266706149), np.float64(1.2077789658424152), np.float64(0.900706646125746), np.float64(1.7960762510462522), np.float64(1.6531427673030377), np.float64(0.7494529682259643), np.float64(0.5929045235194557), np.float64(0.8214155755178071), np.float64(1.2215603907781347), np.float64(0.6093209175634648), np.float64(1.2858829249133545), np.float64(0.8778821391633568), np.float64(1.1488896436187623), np.float64(0.9286404053571017), np.float64(0.6594849431296436), np.float64(1.9020612832280976)]",0.22188313275498395,0.5399472096468511,-53.20320597214463,9,1,0.15805888175964355
39,0.4741417384765931,2,"[np.float64(1.5508510089035454), np.float64(0.3662150339562598), np.float64(1.7500891542060342), np.float64(1.0261192766740759), np.float64(1.7996492310987737), np.float64(1.6197249862998988), np.float64(0.9079056584915435), np.float64(0.14269168580822306), np.float64(0.6104869828313976), np.float64(1.129105007855647), np.float64(1.3036086176696797), np.float64(0.5899866023230843), np.float64(0.36477654073836585), np.float64(1.6863674499186683), np.float64(1.970364143336749), np.float64(1.098811346375103), np.float64(0.4261906431117766), np.float64(0.617383920386801)]",0.42827882733691425,0.5444000130772041,-9.672827219775114,10,1,0.2676417827606201
39,0.4741417384765931,3,"[np.float64(0.1349422854401868), np.float64(1.837167732464948), np.float64(0.3237270574912682), np.float64(1.1953813034770817), np.float64(0.6207049193056914), np.float64(1.1529382047800074), np.float64(1.3376987378685419), np.float64(1.676509427043683), np.float64(0.4922004163451461), np.float64(0.12089207445111291), np.float64(0.3600826971307338), np.float64(1.8100354195113997), np.float64(1.760391147368779), np.float64(1.2350848941235857), np.float64(1.2409820348239413), np.float64(1.3635696816378853), np.float64(0.4332054293845542), np.float64(1.8373826972574234)]",0.26178791070791796,0.5146078264250811,-44.78699311538429,9,1,0.15123605728149414
39,0.4741417384765931,4,"[np.float64(0.8956639972949388), np.float64(0.8279632036740452), np.float64(1.0859436400373912), np.float64(0.18923533687260458), np.float64(0.41593840063655085), np.float64(1.5022638712101037), np.float64(0.2573174690577403), np.float64(1.2459890079861375), np.float64(0.5661633083945098), np.float64(0.8396616666797554), np.float64(0.6485180998643297), np.float64(0.7757781612834034), np.float64(1.4661872198500663), np.float64(0.6645312596840325), np.float64(1.1761688165641047), np.float64(1.0044957641782892), np.float64(1.3609752141890314), np.float64(1.87997650471704)]",0.6334296456009287,0.4350735013793568,33.59499790845754,9,1,0.1362440586090088
39,0.4741417384765931,5,"[np.float64(1.4918869846994756), np.float64(0.5083867193224378), np.float64(0.1592479566164409), np.float64(0.5983016841696677), np.float64(1.2306480683304841), np.float64(0.19770904562007566), np.float64(1.043095869682349), np.float64(1.2340014129420895), np.float64(0.7350633925522255), np.float64(1.5647331871170616), np.float64(0.3025366809541664), np.float64(0.24276178529803666), np.float64(1.4835586367868463), np.float64(1.041433500791777), np.float64(1.4079645532126983), np.float64(0.9261719433471178), np.float64(0.5681638631543029), np.float64(1.6562944035809795)]",0.2791906313930781,0.6357699630063988,-41.11663059022996,8,1,0.14954590797424316
39,0.4741417384765931,6,"[np.float64(1.6188901700410605), np.float64(1.4199232946234108), np.float64(0.6170757607369292), np.float64(1.2214382670512653), np.float64(0.7858504041860509), np.float64(0.2740059393206049), np.float64(1.8428957933782613), np.float64(0.35995539874602667), np.float64(1.9054509722595245), np.float64(0.9474109686201159), np.float64(0.45175256479337733), np.float64(1.1296118000188804), np.float64(1.7585970881651756), np.float64(1.4912272841781662), np.float64(1.6324661809367544), np.float64(1.351688396750363), np.float64(1.4153254725839197), np.float64(1.7134717379741067)]",0.2614918343337642,0.6081878233360625,-44.84943781285071,12,1,0.26429128646850586
39,0.4741417384765931,7,"[np.float64(0.5743692168324532), np.float64(1.029907430921967), np.float64(0.5202979394572442), np.float64(1.9765692151936292), np.float64(1.893712745404565), np.float64(0.1749109416001612), np.float64(1.4405928277798081), np.float64(1.857971803089765), np.float64(0.4430931557419337), np.float64(1.179095938049996), np.float64(1.8394277654172795), np.float64(0.1644973593130178), np.float64(1.4250985077689957), np.float64(0.6649631140078465), np.float64(1.8563527712154078), np.float64(1.9450106658141986), np.float64(1.8941063293155243), np.float64(1.0010070116491812)]",0.42033738303653223,0.437353149692691,-11.347736567747242,10,1,0.15053606033325195
39,0.4741417384765931,8,"[np.float64(1.7378810368796955), np.float64(1.7046438572166336), np.float64(0.7062908991621857), np.float64(1.6749394008862868), np.float64(0.17031450595943598), np.float64(1.2329127691159008), np.float64(0.5370167908466358), np.float64(0.32907708297682975), np.float64(0.24621108309549739), np.float64(1.4229486741684654), np.float64(0.7457624311593256), np.float64(1.4770568659046468), np.float64(0.2241770475179905), np.float64(0.6990516418781596), np.float64(1.1250334555131407), np.float64(1.6023740131940307), np.float64(0.7056297555709328), np.float64(1.2891936152303172)]",0.22166533260384114,0.9692601752645663,-53.24914163514756,13,1,0.40874600410461426
39,0.4741417384765931,9,"[np.float64(1.7833577216487555), np.float64(1.2701400575463786), np.float64(0.5426230020319042), np.float64(0.14636148495742224), np.float64(1.7531878604117668), np.float64(0.14041188061573556), np.float64(1.7619331780999787), np.float64(1.1049805546517026), np.float64(1.8842286271745026), np.float64(1.617688147969964), np.float64(1.9960748100133412), np.float64(0.7663524493582493), np.float64(1.557657748969141), np.float64(0.8636687358575601), np.float64(1.0117636785774267), np.float64(1.292260380114903), np.float64(1.7599865169540436), np.float64(1.9697585914786606)]",0.5827062894426707,0.3651607565776949,22.897066880231446,10,1,0.13742995262145996
39,0.4741417384765931,10,"[np.float64(1.5597194863425845), np.float64(0.8937568861179341), np.float64(0.9005783043264333), np.float64(1.5014063730188938), np.float64(0.5536765769597745), np.float64(0.3099008149496498), np.float64(0.7737820995174753), np.float64(0.6457540841427553), np.float64(0.6629854288663811), np.float64(0.5438547269948288), np.float64(0.17997706030908758), np.float64(0.13396047599348623), np.float64(1.9766725404984598), np.float64(0.9127689540981384), np.float64(0.8302206296033952), np.float64(1.3913298371168326), np.float64(0.5146823869436219), np.float64(1.904926249505428)]",0.4545266428983643,0.4974251872962031,-4.1369687556408,11,1,0.1951310634613037
80,0.4864603499171478,1,"[np.float64(1.594055527389549), np.float64(0.2698809043932931), np.float64(0.8934034739913639), np.float64(1.770324784368113), np.float64(1.8949908423536794), np.float64(0.9880628713747525), np.float64(1.2654816395003445), np.float64(0.4173644975749429), np.float64(1.9832203896602554), np.float64(0.5401762326285424), np.float64(1.8911903708567386), np.float64(1.3343286330855), np.float64(1.2546999102698322), np.float64(1.0741081709313662), np.float64(0.5382726422637415), np.float64(0.4354032608104657), np.float64(0.5189237972333332), np.float64(0.45423269807408356)]",0.7843711555665909,0.37533791219918267,61.24051131817468,11,1,0.1679210662841797
80,0.4864603499171478,2,"[np.float64(1.5812104997768313), np.float64(0.7652379924167871), np.float64(0.2099010854704531), np.float64(1.9412949972675415), np.float64(1.7791931814305086), np.float64(1.8627293380709045), np.float64(1.9903248630282269), np.float64(0.43040097351702583), np.float64(0.8528598359150517), np.float64(1.5406531038377733), np.float64(1.4224391743022051), np.float64(0.3924022220457246), np.float64(1.6500829374821737), np.float64(0.5264370864896553), np.float64(0.5252534681629838), np.float64(1.1202514034974858), np.float64(1.2265858761992359), np.float64(1.202163794891841)]",0.5594137581347915,0.44297490265995015,14.996784060626709,9,1,0.11646008491516113
80,0.4864603499171478,3,"[np.float64(0.27382499105573427), np.float64(1.7671756389977227), np.float64(0.6046400809185415), np.float64(0.34607835043732793), np.float64(1.7886213517510565), np.float64(1.9157378466365313), np.float64(1.7380424728043562), np.float64(1.6380805419772684), np.float64(1.3449597632141412), np.float64(1.1466290041573646), np.float64(0.26527484383167926), np.float64(0.8760611048343275), np.float64(0.8081081823233965), np.float64(0.5935321891446198), np.float64(1.4744982160083113), np.float64(1.0421638966496645), np.float64(0.2539878102245311), np.float64(0.5183480837046415)]",0.2627387805577115,0.5082025129098936,-45.989682282952714,13,1,0.2297506332397461
80,0.4864603499171478,4,"[np.float64(1.3981916509532322), np.float64(0.24464863303157036), np.float64(1.7172931366926605), np.float64(1.040778401326551), np.float64(1.0131144969206312), np.float64(1.2255747908530834), np.float64(1.6668938352577833), np.float64(0.7608374950141668), np.float64(1.3882306898622208), np.float64(1.174890731592003), np.float64(0.6073537133219005), np.float64(1.7693969740748001), np.float64(1.6151094410531632), np.float64(1.3510584858510084), np.float64(1.7161052852790595), np.float64(1.7478589818236243), np.float64(1.445889655758566), np.float64(1.6903253238909768)]",0.7064870243749652,0.35569759682515373,45.230135301940145,10,1,0.1595761775970459
80,0.4864603499171478,5,"[np.float64(1.4251957771716388), np.float64(1.3922674663445707), np.float64(1.2753616186088501), np.float64(1.5301616151595183), np.float64(0.40134970005684), np.float64(1.7736544424779639), np.float64(1.7565027027159408), np.float64(0.15556983776566238), np.float64(1.669051826073049), np.float64(0.34485274819954587), np.float64(0.7367258230923696), np.float64(1.5126656869540547), np.float64(0.4054438024917856), np.float64(1.654137345826218), np.float64(1.6810549381197095), np.float64(1.0641886941455887), np.float64(0.11213315626198381), np.float64(0.6453724530323343)]",0.761201591493947,0.8506429317739619,56.477622816246395,8,1,0.11539006233215332
80,0.4864603499171478,6,"[np.float64(1.27216114491391), np.float64(1.9642537382521046), np.float64(1.30044570133167), np.float64(0.5936268040219036), np.float64(1.3046108358892614), np.float64(1.1259722214601253), np.float64(1.5817062507871729), np.float64(0.30326321377122095), np.float64(1.5459530147538532), np.float64(1.1284064994846095), np.float64(1.9296848073320898), np.float64(0.7495571154735036), np.float64(1.3019815969545014), np.float64(1.8708534004690331), np.float64(0.2947684831822906), np.float64(1.8807341257492571), np.float64(1.4069828723715454), np.float64(0.22889041229982662)]",0.25933456695960366,0.852924466152349,-46.68947489681891,9,1,0.15886974334716797
80,0.4864603499171478,7,"[np.float64(0.6718307771989509), np.float64(1.445526968426035), np.float64(0.22796614279066624), np.float64(1.2061238743349192), np.float64(0.7571778082106178), np.float64(1.2797394837582066), np.float64(0.18690986424377443), np.float64(1.7559199316895149), np.float64(1.949629041437054), np.float64(1.9408679250428138), np.float64(1.524338480311557), np.float64(0.34716385624820073), np.float64(1.540700072265143), np.float64(0.1467151412717229), np.float64(0.1420347479050948), np.float64(0.7148594163841283), np.float64(1.0284220617688649), np.float64(1.563774093834807)]",0.4861099803859279,0.38785134085099776,-0.07202427315599146,8,1,0.10096096992492676
80,0.4864603499171478,8,"[np.float64(1.3982612155523597), np.float64(0.9472151421158218), np.float64(0.6198906659351652), np.float64(1.994536550299651), np.float64(0.9097444742483486), np.float64(0.9576353462263834), np.float64(0.41088526026417144), np.float64(1.6101381426248658), np.float64(1.4179962289848282), np.float64(0.5194622642986447), np.float64(0.2565239866701011), np.float64(1.3929486739419548), np.float64(1.3435713071341568), np.float64(0.6191931012965977), np.float64(1.9066407682757796), np.float64(0.3870099943837104), np.float64(0.9214361219809436), np.float64(1.8928702483184379)]",0.31804072363381053,0.8818177612413831,-34.62144989042209,10,1,0.25450897216796875
80,0.4864603499171478,9,"[np.float64(0.8974819021596323), np.float64(1.3131993005617626), np.float64(0.8554293561293091), np.float64(0.621008884462473), np.float64(1.9695575311236735), np.float64(0.8777346119985817), np.float64(1.7987884869903554), np.float64(0.5369137511930637), np.float64(0.5048989376476583), np.float64(0.1591547574805716), np.float64(1.3381669682141815), np.float64(0.8002000530751462), np.float64(1.7422806746953103), np.float64(0.9990988227139586), np.float64(1.9395675130379713), np.float64(0.45249847983593017), np.float64(1.7503840191156603), np.float64(1.5755340203043093)]",0.7623076989155528,0.32958486072338067,56.705001557760326,10,1,0.12329888343811035
80,0.4864603499171478,10,"[np.float64(1.5647515048236988), np.float64(1.7050881334220864), np.float64(1.545945582791698), np.float64(1.2898186110996892), np.float64(0.34936526759653636), np.float64(0.16179974103337863), np.float64(1.849610910849805), np.float64(1.2716355975894023), np.float64(1.613420852854735), np.float64(1.0148924678738451), np.float64(0.3228855590285495), np.float64(0.33785300518484584), np.float64(1.4025740457350455), np.float64(0.917581200308979), np.float64(0.48099698073063973), np.float64(1.03402963880873), np.float64(0.22199698044275476), np.float64(1.2057456636373576)]",0.578828749718566,0.4597957685953462,18.987857862855638,11,1,0.17578387260437012
52,0.4928885256865394,1,"[np.float64(0.6110874684266856), np.float64(1.6153622912106573), np.float64(0.6896877219547901), np.float64(0.9649182832554223), np.float64(0.12207902582539121), np.float64(0.23764908680966187), np.float64(0.8457377571727012), np.float64(1.0118837859625347), np.float64(1.240039041426677), np.float64(0.6541588995476761), np.float64(1.4204655836404307), np.float64(1.7342325546594886), np.float64(1.5817168788973646), np.float64(0.17527576816187856), np.float64(1.012963199789875), np.float64(0.2993673389945323), np.float64(0.5598855301388022), np.float64(1.974658927207578)]",0.06936825524263845,0.7399016123515857,-85.92617769991377,9,1,0.23304510116577148
52,0.4928885256865394,2,"[np.float64(0.37074153151287514), np.float64(1.0478874915575764), np.float64(1.2744958952044263), np.float64(1.4346834440337974), np.float64(1.1633324986251368), np.float64(0.11856461009644896), np.float64(0.7202764856635846), np.float64(1.0836521224309517), np.float64(0.2669463483751834), np.float64(0.7661911692974435), np.float64(0.16308590670359646), np.float64(0.24929914459453942), np.float64(0.8541542247830325), np.float64(0.35215993268181467), np.float64(1.1783276116969605), np.float64(1.4099834413608048), np.float64(1.6211147283072573), np.float64(0.48028546406513917)]",0.6724355170280534,0.46228342905700237,36.42750479764665,13,1,0.1928541660308838
52,0.4928885256865394,3,"[np.float64(0.4182169062922325), np.float64(0.29867889663536046), np.float64(1.3092174741329097), np.float64(1.442303880325112), np.float64(0.16001367516871987), np.float64(1.8788032678630107), np.float64(0.19874543893779759), np.float64(1.1284630370720339), np.float64(1.4472149869567412), np.float64(1.7548413351175625), np.float64(1.4567651710516127), np.float64(1.6232833578326045), np.float64(0.7449553658313315), np.float64(1.6481677161183732), np.float64(0.25221820813088275), np.float64(1.8001516465150025), np.float64(1.1404255146920987), np.float64(1.652865762928738)]",0.057401105050324475,0.6807576345814325,-88.35414052896219,12,1,0.25850701332092285
52,0.4928885256865394,4,"[np.float64(0.9594047405847702), np.float64(1.3227976208733974), np.float64(1.1001650557786151), np.float64(1.4900200913351305), np.float64(0.2550969658581202), np.float64(0.21466895958207122), np.float64(0.5694961446192782), np.float64(0.4031348922150578), np.float64(1.756388776525183), np.float64(0.5165065759802842), np.float64(1.9541439860563494), np.float64(0.740102004365103), np.float64(0.4460240398085286), np.float64(1.6004271635707104), np.float64(1.3515447734516646), np.float64(1.046571861260964), np.float64(1.1551907467814992), np.float64(1.4664833787173013)]",0.07635773116257383,0.9899352151778751,-84.5081134611085,20,1,0.5890610218048096
52,0.4928885256865394,5,"[np.float64(0.5340640085294676), np.float64(1.9930344405078095), np.float64(1.9521070080788878), np.float64(1.33561880405918), np.float64(0.47913065676537575), np.float64(1.3924336606194534), np.float64(0.2371769770604341), np.float64(0.15823975419103153), np.float64(0.589597488171306), np.float64(0.9789836178047009), np.float64(1.7497177602759229), np.float64(1.4816212325559852), np.float64(1.5111423902799639), np.float64(0.9084373354513432), np.float64(0.7572764858392295), np.float64(0.8049736496707451), np.float64(1.9765341710985098), np.float64(0.1762074636837167)]",0.02443203689219331,0.9899352151778751,-95.04309075603614,20,1,0.39719486236572266
52,0.4928885256865394,6,"[np.float64(1.7473598426326522), np.float64(1.1994832762875474), np.float64(0.9333692964602218), np.float64(1.4779895547887594), np.float64(1.0246709887069354), np.float64(1.759504152355155), np.float64(1.8113335416213912), np.float64(0.9012697610595652), np.float64(0.6259728147465979), np.float64(1.2254656243273883), np.float64(1.8334903566717127), np.float64(0.5002581591107664), np.float64(1.2836365087706172), np.float64(1.299964418175789), np.float64(1.492914742589034), np.float64(0.3499786017417936), np.float64(1.4600674328959682), np.float64(1.8271617892647178)]",0.3777493583237188,0.5536887634464948,-23.360082729141325,10,1,0.1519942283630371
52,0.4928885256865394,7,"[np.float64(0.44139790685345975), np.float64(0.5513323173553675), np.float64(1.9456506786791152), np.float64(0.44385621014803056), np.float64(1.7233316774022003), np.float64(1.035327927251266), np.float64(0.5697390413660364), np.float64(1.7544248124177715), np.float64(0.9460799845050644), np.float64(1.0781529724664114), np.float64(0.7825434018595547), np.float64(1.2266066177263621), np.float64(0.41069535791154327), np.float64(0.8430549196383453), np.float64(1.941883412437046), np.float64(0.5904535221321423), np.float64(1.3477996626284552), np.float64(0.7178611220269202)]",0.13797168275229765,0.5855890848276025,-72.00752795774292,11,1,0.21616888046264648
52,0.4928885256865394,8,"[np.float64(1.5695989388045413), np.float64(0.34865995536486466), np.float64(1.9426599856492348), np.float64(0.9622001286289146), np.float64(0.5484958803582815), np.float64(0.23964381992702405), np.float64(0.42254001966632737), np.float64(1.0875705022564335), np.float64(0.7403060352194439), np.float64(1.674878395176958), np.float64(0.9186862949574313), np.float64(0.5725571179164968), np.float64(1.272575474547657), np.float64(1.442876712082347), np.float64(0.4173796250118047), np.float64(0.4184765109478035), np.float64(0.16967571117373165), np.float64(1.4991638286247169)]",0.3629371033152591,0.5590583376967513,-26.365276446691936,11,1,0.20831894874572754
52,0.4928885256865394,9,"[np.float64(1.3612286024814295), np.float64(1.0017986639246463), np.float64(1.7039238530414744), np.float64(1.630773290605101), np.float64(1.212173292353829), np.float64(1.7497154329751914), np.float64(0.4910982990698597), np.float64(0.31264727685568294), np.float64(0.6125242618822803), np.float64(0.20846502656969823), np.float64(1.1092221032019607), np.float64(1.8795508153604268), np.float64(0.17475272727016833), np.float64(0.3320088366190509), np.float64(0.959178153738527), np.float64(1.8743625333030192), np.float64(0.700696599455826), np.float64(1.0637461365079457)]",0.2983637146401481,0.7485249327443475,-39.46628921325358,8,1,0.1700589656829834
52,0.4928885256865394,10,"[np.float64(0.17898843219574498), np.float64(0.3818520818279688), np.float64(1.974597233621809), np.float64(1.9337255232284865), np.float64(0.10938596377537828), np.float64(1.908442392304154), np.float64(1.3143278818494506), np.float64(1.7490447595880418), np.float64(0.9640057257043323), np.float64(1.0796324543005755), np.float64(1.0288085024881484), np.float64(1.3670420893375983), np.float64(0.3653373840369945), np.float64(0.1569498207580881), np.float64(0.6850668890232627), np.float64(1.4388934491996286), np.float64(0.4835215590336019), np.float64(1.3795216233173428)]",0.2349148966825858,0.47980637657824105,-52.339142739146695,11,1,0.16994214057922363
1,0.4945586363900602,1,"[np.float64(1.9428328876038137), np.float64(0.2784113599998949), np.float64(1.37794402462774), np.float64(0.9431254166786851), np.float64(1.7494702833172602), np.float64(0.43658459995003324), np.float64(1.4159893092297124), np.float64(1.6924190503314094), np.float64(1.894767017000644), np.float64(1.398171253750327), np.float64(1.044632051616012), np.float64(1.2739097563823063), np.float64(1.7509194705095645), np.float64(1.1841585186137764), np.float64(0.15773541342399003), np.float64(1.8688025214632578), np.float64(1.4101008269599662), np.float64(1.3853754329767682)]",0.6699488523244188,0.4097806751147346,35.46398809544349,11,1,0.23970413208007812
1,0.4945586363900602,2,"[np.float64(0.5097827895556626), np.float64(1.3518823934420485), np.float64(0.8483423707429011), np.float64(1.3373426563788349), np.float64(0.3025267575851824), np.float64(1.3499060787457684), np.float64(1.9988860789642664), np.float64(0.19160287383505645), np.float64(1.9566309500205028), np.float64(0.8731251253734541), np.float64(1.7544315556407923), np.float64(1.5865324197107196), np.float64(1.1773308958746687), np.float64(1.5030534975775203), np.float64(1.769179566472561), np.float64(0.8678666111369626), np.float64(0.7213630069701535), np.float64(1.368427432570811)]",0.026059748583001863,0.8534190595308987,-94.73070599409198,10,1,0.5641188621520996
1,0.4945586363900602,3,"[np.float64(1.6349072896883912), np.float64(1.54834175607557), np.float64(1.6158459328314054), np.float64(0.9276082981445727), np.float64(1.653885010732541), np.float64(0.32839720520415605), np.float64(1.134529286125614), np.float64(0.11094145494643098), np.float64(0.7167130768105135), np.float64(0.7962769162556559), np.float64(0.8527281140575852), np.float64(1.421387692710738), np.float64(0.8382603924136569), np.float64(0.9525178829828082), np.float64(0.5513338486612221), np.float64(0.8091784040957462), np.float64(0.5318122917999878), np.float64(0.2390722551600429)]",0.11355724101244835,0.6223983450977073,-77.03866990548612,11,1,0.1983051300048828
1,0.4945586363900602,4,"[np.float64(1.246552327424618), np.float64(1.369604317254531), np.float64(1.2770316574182674), np.float64(0.9806386832210874), np.float64(0.8215929823405366), np.float64(1.7403339341864679), np.float64(1.0862553917588142), np.float64(1.0104455674964887), np.float64(0.1487199250322278), np.float64(0.748370872489697), np.float64(0.8223716756931284), np.float64(0.8577632837041109), np.float64(1.2023275015319312), np.float64(1.113844838781069), np.float64(1.2550196763075447), np.float64(1.5532781969300435), np.float64(1.6446729035605776), np.float64(1.4644338448303393)]",0.3680057426283252,0.49805568086640123,-25.589057484767547,10,1,0.16637802124023438
1,0.4945586363900602,5,"[np.float64(1.9154950223143759), np.float64(0.1346419070850871), np.float64(0.47197817279873755), np.float64(0.11436946245847003), np.float64(1.3302019568937458), np.float64(1.806258043004975), np.float64(0.5626163634949686), np.float64(1.8613656351129826), np.float64(0.21450804155016562), np.float64(1.875428450930477), np.float64(0.7680831057553054), np.float64(0.2926995740535114), np.float64(1.0231563424540187), np.float64(0.5878754786689651), np.float64(0.6412585137276534), np.float64(0.6838509333599445), np.float64(1.6257492058820604), np.float64(1.1244064256829835)]",0.15222768672345488,0.8897280311119656,-69.21948672565647,11,1,0.32593393325805664
1,0.4945586363900602,6,"[np.float64(0.6914846283964069), np.float64(1.259634188290745), np.float64(1.4606862810240677), np.float64(0.6179856013937142), np.float64(0.8857432928981679), np.float64(0.33158357734020033), np.float64(0.4441837641158926), np.float64(1.3941239225334674), np.float64(0.4447328606216912), np.float64(1.0978104289674142), np.float64(1.447187897272622), np.float64(0.3030661538800133), np.float64(1.1778932172949166), np.float64(0.5874692890325911), np.float64(1.9295610629514015), np.float64(1.018736728767857), np.float64(1.6313858445728004), np.float64(1.1454304300968974)]",0.3887706311251202,0.48912926247887795,-21.390386797634363,9,1,0.15330982208251953
1,0.4945586363900602,7,"[np.float64(0.1824838124241564), np.float64(1.3029876136286425), np.float64(1.9076663501926483), np.float64(1.2430624582780292), np.float64(1.6564588329109013), np.float64(1.7799922803619748), np.float64(0.5333515667029717), np.float64(0.5028851958256306), np.float64(1.2608638788168842), np.float64(0.8809540926327389), np.float64(1.6957364754467685), np.float64(1.8100439344562211), np.float64(0.7715006206751643), np.float64(0.5500540620515159), np.float64(1.5829984789633373), np.float64(0.6221314675414585), np.float64(1.662967205175989), np.float64(0.9051026819326493)]",0.27967786934975436,0.4967279054128148,-43.448996990283796,11,1,0.2543599605560303
1,0.4945586363900602,8,"[np.float64(1.368344808653794), np.float64(0.2815170962858695), np.float64(1.2853327168854887), np.float64(0.9583585896007353), np.float64(1.2145560800334008), np.float64(0.4192269947152405), np.float64(1.500060115393946), np.float64(1.7393144473321343), np.float64(0.5118056201724737), np.float64(0.28185765548830727), np.float64(0.14491331348803915), np.float64(1.3197458508422053), np.float64(1.2534786685686834), np.float64(1.138725084156733), np.float64(0.5406994826203533), np.float64(0.8427213922204778), np.float64(1.2295050368537288), np.float64(1.0438570318324218)]",0.38955393435409214,0.962789588034332,-21.232002498718973,12,1,0.37490296363830566
1,0.4945586363900602,9,"[np.float64(1.9767924884082857), np.float64(0.35923552985779295), np.float64(1.4207746526904281), np.float64(0.868205659398155), np.float64(0.913579268358668), np.float64(1.4634357547505348), np.float64(1.4156286875163022), np.float64(1.9833863880341578), np.float64(0.34394914996283793), np.float64(0.29780833382991606), np.float64(1.4762437525446082), np.float64(1.1989351423121772), np.float64(0.6209052664636311), np.float64(0.2508968010790745), np.float64(0.262750674233218), np.float64(1.7989626618618246), np.float64(0.4645479169656115), np.float64(0.7144059680194894)]",0.06455725367980847,0.6802229031332331,-86.94649149167988,12,1,0.44882702827453613
1,0.4945586363900602,10,"[np.float64(0.5306471642312772), np.float64(0.7744929810806809), np.float64(0.2319053012175774), np.float64(1.0862136027257137), np.float64(0.2284638708252083), np.float64(1.6206773648624868), np.float64(0.5440529556298227), np.float64(1.12602263774857), np.float64(1.7721502663667705), np.float64(1.3366670011896689), np.float64(1.1126197944475371), np.float64(0.7162341309192136), np.float64(0.732703634810576), np.float64(1.3720252148765613), np.float64(1.9888647863202182), np.float64(1.3574944607138193), np.float64(1.1597884930030473), np.float64(1.4882359694545675)]",0.5392921269453428,0.45264299323662865,9.045133835252878,9,1,0.15912604331970215
13,0.5255493324817069,1,"[np.float64(0.9838906633390645), np.float64(0.2142704509414919), np.float64(1.1683639501680285), np.float64(1.9194880405602224), np.float64(0.4330755904795533), np.float64(1.4110092925592648), np.float64(0.4817740084522073), np.float64(1.1180726004988544), np.float64(0.2836852543287673), np.float64(0.9557047788905517), np.float64(1.5367103249009675), np.float64(0.7603858960540659), np.float64(1.363332276525714), np.float64(1.6113549255004853), np.float64(1.86163785701096), np.float64(0.5458199555253617), np.float64(0.8587002400376854), np.float64(0.3895904253277931)]",0.248444071698815,0.844828135893435,-52.72678389188845,10,1,0.41735386848449707
13,0.5255493324817069,2,"[np.float64(1.9857186541009129), np.float64(1.861301839056161), np.float64(1.125918547533063), np.float64(1.6998632593152003), np.float64(1.0898201568168802), np.float64(1.2848128072052434), np.float64(0.2693364210204316), np.float64(1.535013798943935), np.float64(0.3426556189069462), np.float64(1.669528497479804), np.float64(1.585853366573733), np.float64(1.4466149257116552), np.float64(0.16870472299704803), np.float64(0.6759438762961243), np.float64(0.5999138828306014), np.float64(0.7842591741958862), np.float64(0.2665212188512932), np.float64(1.8802198637590193)]",0.052604127129690426,0.7902025176960574,-89.99063953115734,10,1,0.2882392406463623
13,0.5255493324817069,3,"[np.float64(1.1522242573535149), np.float64(0.6804961902502448), np.float64(0.8542648824411385), np.float64(0.9496848269591877), np.float64(1.241129233385173), np.float64(1.0797909126233458), np.float64(1.846844749107393), np.float64(1.0442306175210774), np.float64(1.985100228164294), np.float64(1.7177074197156819), np.float64(0.496169977278938), np.float64(1.8681309078234407), np.float64(0.3210961559824046), np.float64(1.653154446133264), np.float64(0.8231842576055022), np.float64(1.768151208845632), np.float64(1.7493077112041555), np.float64(1.6312582602234802)]",0.14104693861287565,0.5109178406635994,-73.16199833289957,9,1,0.17249107360839844
13,0.5255493324817069,4,"[np.float64(1.6010578289834165), np.float64(0.6788903642862775), np.float64(0.25374663779737916), np.float64(0.8656623396538068), np.float64(0.4296965784743665), np.float64(1.4204070689146773), np.float64(0.7575894804217925), np.float64(1.9536593816338381), np.float64(1.3178469469561307), np.float64(1.6627130709052858), np.float64(0.351796878209512), np.float64(1.7378275163179828), np.float64(1.853238661975449), np.float64(1.0254176457559783), np.float64(1.251880581726857), np.float64(1.5531386217156913), np.float64(0.43219339179478383), np.float64(1.0548755452805405)]",0.34557615964130584,0.8912151773573532,-34.244772415663846,10,1,0.27245187759399414
13,0.5255493324817069,5,"[np.float64(0.8574597527673948), np.float64(0.3781105851082733), np.float64(0.7983154023539097), np.float64(0.22952738783243778), np.float64(0.14904262320402528), np.float64(0.3568159493941632), np.float64(1.9299187120194303), np.float64(1.144106118200532), np.float64(1.9350621061911177), np.float64(0.9217459688272507), np.float64(0.6924506528619931), np.float64(1.0616695393964637), np.float64(0.9350722084025292), np.float64(0.30076290009731343), np.float64(1.3175699979113917), np.float64(0.5104725467682393), np.float64(1.2772171143058761), np.float64(1.3353820755564914)]",0.4366311459650074,0.4556763831631186,-16.919094178431767,9,1,0.12869977951049805
13,0.5255493324817069,6,"[np.float64(0.3888472209444314), np.float64(0.2165642915102695), np.float64(1.5834470135300356), np.float64(0.9736208051617083), np.float64(0.210511211460404), np.float64(1.9902460026225575), np.float64(0.20978306589309662), np.float64(1.420566934831251), np.float64(1.9689899580004857), np.float64(0.5544421980102586), np.float64(0.3702738005056727), np.float64(0.3306313849026149), np.float64(0.6762227803784315), np.float64(0.2919870409202287), np.float64(1.4151065492188506), np.float64(0.21835441644711912), np.float64(1.0679020434846005), np.float64(1.9937240223206558)]",0.3579282529313019,0.6839385391559383,-31.894451993474743,10,1,0.15918898582458496
13,0.5255493324817069,7,"[np.float64(1.6465435120614356), np.float64(1.2689169326389207), np.float64(0.6818818794945621), np.float64(1.2854020889541131), np.float64(1.101378781432138), np.float64(0.9095584293917058), np.float64(0.34834971580637897), np.float64(1.7845480089568868), np.float64(0.9545908327605127), np.float64(0.4697827724594536), np.float64(0.7987427666668503), np.float64(0.8868465298049614), np.float64(1.672322001577061), np.float64(1.493867323066664), np.float64(1.5616792979185457), np.float64(0.1209594024144297), np.float64(0.8906925965415469), np.float64(1.0145538881071148)]",0.4728811772260446,0.47214447801647386,-10.02154355461873,9,1,0.18498897552490234
13,0.5255493324817069,8,"[np.float64(0.1364653259638077), np.float64(0.593645096615565), np.float64(1.5445506639320565), np.float64(0.3605084408850982), np.float64(1.117089249759924), np.float64(0.5088835568327512), np.float64(0.12302947182339723), np.float64(0.5582827694391288), np.float64(1.9541601343291022), np.float64(1.6229205125776802), np.float64(1.9231956242099635), np.float64(1.0269226834600886), np.float64(0.3084987774872567), np.float64(1.1411230290500165), np.float64(0.9633169356639256), np.float64(1.7042784572052703), np.float64(0.2863569034900647), np.float64(1.0276581603413786)]",0.4569798768803981,0.4912034312630278,-13.047196783128923,10,1,0.14341282844543457
13,0.5255493324817069,9,"[np.float64(0.3850924629185701), np.float64(0.7168842610911139), np.float64(1.5009784470368193), np.float64(1.0044344458006564), np.float64(0.8141877417769617), np.float64(0.8495049292830671), np.float64(0.9729488599713746), np.float64(1.591531433290408), np.float64(1.7949609089864453), np.float64(1.9151359043574636), np.float64(1.5951164338850605), np.float64(0.6992731019212242), np.float64(1.40745594156443), np.float64(0.9314459357052446), np.float64(0.5838741818874972), np.float64(1.697656000909253), np.float64(0.17301006302841748), np.float64(1.8133477850573045)]",0.8183268618639801,0.33987159047917265,55.70885762517148,10,1,0.1452319622039795
13,0.5255493324817069,10,"[np.float64(0.9768071827869949), np.float64(1.3106828059357327), np.float64(1.3527724521909872), np.float64(1.8007237073424192), np.float64(1.309672396117694), np.float64(1.2664738110441174), np.float64(0.22663887706531094), np.float64(1.0849752416958878), np.float64(0.38532110155237914), np.float64(1.5011241605708225), np.float64(1.0732216495440814), np.float64(1.3924327804958712), np.float64(0.1791785111445301), np.float64(0.2611048304870261), np.float64(1.4610144373190963), np.float64(0.2369602383974794), np.float64(0.23538778275399133), np.float64(0.12300610294628617)]",0.64883042406088,0.420789816265103,23.457567912231003,10,1,0.1427299976348877
