Graph_ID,Trial,Original_Delta_min,Weighted_Delta_min,Gap_Change_Percent,Optimal_Weighted_Cut,N,p1_approx_ratio,p1_expected_cut,p1_iterations,p2_approx_ratio,p2_expected_cut,p2_iterations,p3_approx_ratio,p3_expected_cut,p3_iterations,p4_approx_ratio,p4_expected_cut,p4_iterations,p5_approx_ratio,p5_expected_cut,p5_iterations,p6_approx_ratio,p6_expected_cut,p6_iterations,p7_approx_ratio,p7_expected_cut,p7_iterations,p8_approx_ratio,p8_expected_cut,p8_iterations,p9_approx_ratio,p9_expected_cut,p9_iterations,p10_approx_ratio,p10_expected_cut,p10_iterations,Weights
18,1,0.3566568660281488,0.2390342554575859,-32.97920824585488,15.902734961974964,12,0.6370692834478237,10.131143967086045,41,,9.834641267585232,45,0.6549911541136104,10.416150726306844,67,0.6810101303770179,10.82992360980573,66,,10.471454480637686,101,0.6971101073616477,11.085957276686196,115,,10.023873961458545,134,,9.473446654449576,138,,9.879028312759122,129,,9.660245337388162,159,"[0.8116262258099887, 1.9063571821788405, 1.4907884894416696, 1.2374511199743694, 0.3964354168406294, 0.39638958863878504, 0.21035886311957896, 1.7457346769723767, 1.2421185223120967, 1.4453378978124864, 0.13911053916202465, 1.942828719107789, 1.6816410175208012, 0.5034443102887247, 0.4454674376934912, 0.44846856872152424, 0.6780602616231216, 1.097037220101252]"
18,2,0.3566568660281488,0.263117322391194,-26.226760942146633,14.998718850471308,12,0.6730880809651159,10.09545888799904,29,,9.509075958250278,42,0.6998720491159027,10.49718409599267,53,,9.771924154812323,79,,10.12888391410008,98,,10.244830063115646,98,,10.1020639555574,123,,9.5835244589848,162,,10.035286461615827,181,,9.631948902250167,148,"[0.9206955354200199, 0.6533353663762796, 1.262520499972521, 0.36503833523887946, 0.6550748322169144, 0.7960875022580142, 0.9665329700123683, 1.5918343266467259, 0.4793801861008835, 1.077045432985862, 1.2255876808378807, 0.18825578416799568, 1.2543352186127328, 0.4239958350058539, 0.22359802667203107, 1.9028825207813331, 1.9347008628416626, 1.635954961421276]"
18,3,0.3566568660281488,0.2370619670405158,-33.53220150209978,16.287768390661466,12,0.6672721305556508,10.86837391603366,27,,10.51573748797703,44,0.6986024246820562,11.378674490375852,53,,11.116446712677224,78,,10.88189094774664,110,,10.781675103716212,123,,10.241927983099073,172,,11.087707150178565,145,,10.418765527500206,166,,10.37203645937134,151,"[0.6787661614294043, 0.28557701661212936, 1.400042750373098, 0.9362897381052424, 0.3318726462050798, 1.0408361292114132, 0.16533819011891496, 1.8277087639496858, 0.5916819650400321, 1.3587923402725657, 0.6922510445698808, 1.0881292402378404, 1.1387495307522313, 0.45122346549850134, 1.9422107927526613, 1.5727523643861177, 1.8850479889719591, 1.8001719658125328]"
18,4,0.3566568660281488,0.4660212469380065,30.66375312713768,14.90557870863795,12,0.6403606662983963,9.544946313426587,28,,9.235361221858184,41,,9.443304106355685,62,,9.107405244282928,80,0.839675708219114,12.515852358591316,200,,9.189342803203992,115,,9.364724306034129,121,,8.855824098458227,123,,9.078904733749075,149,,9.432670793950138,163,"[1.2360099597410616, 1.8515610465439218, 0.268135753898647, 0.47236743859637587, 0.18593184893002232, 0.7181276284502022, 0.8384868504100158, 0.6155631603704023, 1.6746012673886657, 0.7778313207178196, 0.6337755684060234, 1.131122558000672, 0.367756027452049, 1.6241742634326752, 0.24164622299156457, 1.9750851795409827, 1.567265061663649, 0.47755979491492756]"
18,5,0.3566568660281488,0.4576404978681019,28.313945828252496,17.13036259920701,12,0.6132137049663219,10.504573116876244,33,,10.381831660368189,38,0.6270647857080435,10.741847152372827,52,0.6415335811072286,10.989702863934603,72,,10.385681607881809,93,0.6968958721769889,11.93807898428244,138,,10.665239542848235,124,,10.464523725406092,128,,10.507597595567535,135,,9.866868741876214,150,"[0.11049202253484457, 1.6493767140641848, 1.4430289533104725, 1.4851136192778758, 1.5654136587032967, 0.2406848382947717, 0.7810848842341179, 0.32015121309774647, 1.7398965091636276, 1.28426644097236, 0.7287062472200334, 0.2207608655434449, 0.6908664112597581, 0.7178483118508193, 1.4862517388423218, 1.3113591955749049, 1.7857042108950203, 0.9972083578077037]"
18,6,0.3566568660281488,0.0502556444911093,-85.90924519391056,15.206150777052564,12,0.6274791337930329,9.541542317911198,28,0.6562223534732963,9.978616050187227,43,0.6741242640643652,10.250835201832336,55,,9.499332132502952,63,,9.707692870457944,80,,10.126457162116214,102,0.6829067287598553,10.384382684186098,141,,10.110265889612064,161,,9.60816854851024,145,,10.16958638163433,211,"[0.32722906728277323, 1.4551650957236903, 1.545491592372105, 1.1664266753820427, 1.5648376419136658, 1.0382116330923423, 1.0931923758257887, 0.9123279348812443, 0.14829634081378087, 0.3049937112872785, 0.15971545280479507, 1.3091797814011827, 0.6972763640450207, 1.0662843132129352, 1.8243763004595768, 0.5736552353828623, 0.8797275537676965, 1.5355471632317925]"
18,7,0.3566568660281488,0.5989680116003626,67.93957123850511,17.22543864910695,12,0.6182364460553261,10.64939397216794,35,0.6374502387529302,10.980359979497177,42,0.6467876350046718,11.141200725773954,51,0.6892779473905557,11.873114994958389,89,,10.782863258767769,94,,11.171026878776448,136,,11.166573591167854,120,,11.143049482705427,168,,10.40745984776195,159,,11.53842275036086,228,"[0.5347165144340826, 0.2462618286747067, 0.6505277605361592, 0.4063204457826084, 1.8664255394508888, 1.6354287211723921, 1.3034671373698046, 1.7557751213566635, 1.6269769461083174, 0.45448311188346807, 1.7958620971309578, 1.1247502596397363, 1.6341362948117188, 1.8025734698546372, 0.7042066024465413, 0.30909865660258584, 0.5330768088296892, 0.911504798389887]"
18,8,0.3566568660281488,0.1533917937570752,-56.9917732230146,16.22084470614753,12,0.6143138643672374,9.964689794734335,35,0.6229358323280576,10.10454539808818,40,0.669895419819392,10.866269574249865,60,,10.439659685983598,71,0.731227479332372,11.86112738711811,104,,10.860028194068256,97,,10.826574368031023,128,,9.830174046963783,108,,10.2504514069734,168,,10.34017854466185,195,"[1.6542280552527369, 1.7353881081870524, 0.11320904800926235, 1.0704198748973748, 0.8930809059826801, 0.5220048398943875, 0.32774419793399734, 0.7414688256668931, 1.8915284374337864, 0.7140855708394349, 1.0857021813123955, 1.435736021900838, 0.7908962445206585, 1.9463859571698252, 1.9286498603900113, 0.5783863620681918, 1.0447721611955323, 0.6716687886518623]"
18,9,0.3566568660281488,0.4523365160490353,26.826807257745365,15.285406656187048,12,0.6314166292231098,9.651459947154112,29,0.6414796034594678,9.805276600527575,56,,9.47308804828787,52,0.6519074790254082,9.964670919113091,80,,9.503320662506718,87,,9.893900545805389,121,0.6590485191241833,10.073824620971008,162,,9.978584508874905,160,,9.208108269949904,164,,9.083249241154151,156,"[0.6411969393171885, 0.17008519997361232, 1.258172234561804, 1.0550901441348368, 0.19780962737497976, 0.6294282820495617, 1.825705183336642, 0.5551675922672475, 0.37530025697332386, 1.0299602445273697, 1.9727358628101412, 0.5599050158718508, 1.377057540071169, 1.5470772691245633, 0.5515113335855594, 1.4836110623625332, 0.798787952166581, 1.301381078127801]"
18,10,0.3566568660281488,0.2461915238000864,-30.972442352853495,13.42463556858596,12,0.6437520858151492,8.642137148585453,39,0.7059512187052122,9.477137840316598,46,,9.25051290928815,73,,9.007764970163397,61,,8.840374391825488,82,,9.31731605730891,110,0.7248891634584,9.73137284704616,141,,8.931760415121468,141,,8.679331926968157,162,,8.768053627444676,205,"[1.3037064504456999, 1.1179718997420411, 0.2715505631033758, 1.6870747416195522, 0.709482123446298, 0.45438516975972304, 0.17747276895405145, 1.2226965920576593, 1.3873722875003365, 0.1315168749629267, 1.0729768107686337, 0.5303419728760821, 1.3258283017779546, 0.43129621510948374, 1.4127817023946851, 0.834797157971021, 1.8797869785997956, 0.3612897938773872]"
6,1,0.3746627450759376,0.1814015962337389,-51.58269707414544,18.863072385039217,12,0.6147643941834594,11.596345267227374,29,,11.480217775120128,44,0.6501993180065179,12.264756800260075,58,0.6522501565127058,12.303441915452323,87,,11.559065682784912,97,,12.03177428814676,99,,11.6316476994658,123,,11.12413409049841,121,,11.450899400252611,156,,11.58634263916489,166,"[0.7480260669954911, 0.3155996903571192, 1.8569178747292692, 1.7669447714238637, 0.5900890926587956, 1.35396968746494, 1.65272218038231, 1.1548815420389784, 1.1063360988764124, 0.5595193527108582, 0.2768952588312085, 1.8047099401113207, 1.8107943086103278, 1.3028927688192091, 0.7441566029925313, 0.7634981917640556, 1.4793157898534548, 1.8045094939098965]"
6,2,0.3746627450759376,0.4533632485967196,21.00569233400315,15.814992897504668,12,0.5732589764649015,9.066086641223214,30,0.6290860501127548,9.948991414452482,41,0.6293878506015751,9.95376438703964,57,0.6487374033926376,10.259777427000184,70,,9.7398159012687,101,,9.704458076815696,112,,9.744519964725107,134,,9.936114186989718,139,,9.511236649278898,136,,9.302259243416945,148,"[1.7854642061037227, 1.5817635371294854, 1.3198601276931468, 0.2598659334905928, 0.40709455677976614, 1.8072529582014505, 1.2522152133532207, 0.11747439807159633, 0.292795931445461, 1.360653361305306, 0.10961700930781551, 0.4055352976932474, 1.1425941997965137, 1.414600875616117, 1.338726393054941, 0.5261116879750636, 1.453140520560318, 0.5507732662439201]"
6,3,0.3746627450759376,0.0873149944208879,-76.69504225641897,18.272558430352714,12,0.6370237689728067,11.640054040079118,34,0.6750623130292588,12.335115558956185,47,,11.927900712412775,61,,11.25253905131964,75,,11.37284610067338,87,,11.830983259424189,94,,11.541660277014095,97,,11.532142463959604,127,,11.647604451635432,133,,11.43113845119158,161,"[0.7182594265026087, 1.5183336697242458, 1.3343025081897077, 1.713524479938938, 1.3494644953706523, 1.179786346337396, 0.2779820588733757, 0.7986600258129236, 0.6038844985952784, 0.5635803224202588, 1.9487200540296465, 0.8468856768668448, 1.7948884548365152, 1.2991633893947994, 1.610141476729132, 1.055010476899865, 1.1961173807900822, 1.0357836182558413]"
6,4,0.3746627450759376,0.2038778589634997,-45.58363177471054,19.344688740493577,12,0.636294717895062,12.30892326490014,31,,11.23752071823354,40,,12.078027256042075,61,,12.030446718842096,94,,11.766733615759588,90,,11.606249168337284,108,0.6615169251365189,12.796839013334347,101,,11.063826209552744,121,,11.11553108089334,186,,11.279163106476515,158,"[0.47096167681628454, 1.47265901899686, 0.633467488637626, 0.1462003362197623, 1.3263973622236187, 0.436510290873393, 1.886871310270537, 1.9124642963049159, 1.838242341418852, 0.8033015304853444, 0.12936757140484811, 1.8638052689166782, 0.9135498818028972, 1.9366441561829721, 1.9308779564695804, 1.720717965387984, 0.6594528949322128, 0.831685684343658]"
6,5,0.3746627450759376,0.0386266908160557,-89.69027710288441,18.31399949898392,12,0.6601569900438653,12.090114784914084,37,,11.65262709594922,57,,11.387737154923144,65,0.671458030340144,12.297082031238128,77,,11.778874974486016,125,,11.795743907032763,106,0.6871036383239232,12.583615688014358,190,,11.406357232940826,116,,11.71226521783028,155,,11.539769725021529,154,"[1.717159675882028, 0.7021518097969275, 0.4220362187035757, 1.1579223986708653, 1.8786940709054838, 1.4224566136824486, 1.1831162231697934, 0.28463533816446024, 1.2685137307284224, 1.9811023151981002, 0.36615962894939563, 1.0848263394910997, 1.7670088366631154, 1.5074603737329884, 1.424329907891009, 1.4347197595755075, 0.7830331873175348, 0.6578245041025373]"
6,6,0.3746627450759376,0.3492804040762678,-6.774717084434226,18.948512953020135,12,0.6803212189678357,12.891075429826484,40,0.7094842467473604,13.443671439456091,46,,12.008047806548714,53,,12.183338341601422,92,,13.037215250278996,85,,12.982224141250258,114,,12.584327338948937,121,,12.029389818890186,110,,12.327955377323953,123,,11.977195126274314,143,"[1.637786195409176, 1.6392154498904434, 1.747437405302197, 1.8351570498572953, 1.0715505578357818, 1.0528809599056792, 1.6167608400368727, 1.3349314684777538, 1.4337370667896363, 1.612006071928592, 1.7910101494533759, 0.742190798017918, 0.8136076100158935, 0.2785656856976511, 1.1987322678927306, 0.16829032021380996, 0.9846362344516743, 1.1310248059443955]"
6,7,0.3746627450759376,0.4166942577897075,11.218492702083529,14.725300150944848,12,0.7039596738253479,10.36601749123948,31,,9.810208308212877,44,,9.147767968616805,58,0.7425318877625849,10.934004918951755,91,,9.558008811469143,101,,9.2699391954359,106,,10.40300164144221,160,,9.382855814016118,119,,9.591163776366775,173,,9.426211090376269,243,"[0.6444283790437404, 1.2225831950811203, 0.15795047488419392, 0.1709615586235074, 1.6629410652533505, 0.7843622186813994, 0.34141497403858106, 1.0922621941041282, 1.5629877508873606, 0.510059952244002, 1.2834919040561004, 0.26216018348815917, 0.19819527022035463, 1.1095737999794812, 1.1272067310592024, 1.3111168128465924, 1.479573534073057, 1.9541189509788157]"
6,8,0.3746627450759376,0.13236400815099,-64.67115829086178,14.99927961924702,12,0.6219867682916417,9.32935345707814,37,0.7017968200295729,10.526446739521942,39,,10.073362019611343,65,,9.594482432330732,67,,10.047706186877091,84,,9.71679444224548,110,,9.945592211208613,110,,10.007493721355,185,,9.492918300622629,161,,9.53787667971103,156,"[1.080970661772271, 0.7136172985883673, 1.610853770060537, 0.614581277397941, 0.9340456993407086, 0.24906712455030533, 0.14816641248936926, 1.9290319878880575, 1.688362228973191, 1.4223509915780261, 0.8770105943871127, 0.42925920813460694, 0.3972303810750635, 0.5754615065127311, 1.1435306629416289, 1.4577322531301184, 1.3543750157636893, 0.6318744041972914]"
6,9,0.3746627450759376,0.0320187864954064,-91.4539710936787,14.098980336373344,12,0.6269878802148061,8.839889794292958,28,0.6794310689652174,9.579285281261722,52,0.7087125124052074,9.992123776542767,52,,9.638001803721368,70,,9.361554372385026,78,,9.78487510166604,86,,9.595551220877134,111,,9.360737498213684,176,,9.24177006109627,149,,9.216470124017333,156,"[1.9142440332600688, 1.50200414172196, 1.1532726997716614, 1.2622694178452691, 0.8972401186128008, 0.5706888800521992, 0.776348089437397, 1.5399076098823012, 0.12734762839653616, 0.3205380169631408, 0.18740501984133023, 0.17738472440604325, 1.7253751096209136, 1.436949932822045, 1.000930275265918, 0.2858849052369028, 1.0340701627219815, 0.9995963644830748]"
6,10,0.3746627450759376,0.4519751474883282,20.635198836415068,15.57393014234101,12,0.6301642873642573,9.81413458960905,37,0.6459017453731134,10.059228661257,49,,9.75596440975752,57,0.6545847592562579,10.19445731289807,73,0.6745280247677896,10.505052336784823,80,,9.865880966173608,99,,10.408780986625398,108,,9.45587541824744,137,,9.498439580672418,145,,9.432669209728571,152,"[0.4290835528290288, 0.9243181335521488, 0.8571589953550095, 1.2701151862992113, 1.3066779366485233, 0.1860776185668846, 0.8117639677902952, 1.289133839857049, 1.0559588913021667, 1.7273306982578123, 1.3515179000759954, 0.4095754114547164, 0.2340806200608167, 1.3205966285919997, 0.15037149002908146, 1.2129736044195802, 1.8864374587074193, 1.19340093796417]"
45,1,0.4307376733331818,0.1746664260102992,-59.44946615449811,14.737719032216583,12,0.6408654250758401,9.44489457222978,34,0.6451119399131793,9.507478514768623,41,,9.095153318768032,56,,9.222490445135437,86,,9.25685712332072,91,0.8131665473820315,11.984220101714014,134,,10.15189144204528,131,,8.934962959359227,125,,8.597092093460365,128,,8.644575560244387,148,"[0.8375228597923916, 1.322247615040471, 0.9706804919338815, 1.1366718997002763, 1.8887831366753978, 0.833595011821471, 1.926262071265437, 1.820166219716521, 0.4720031560996632, 0.23178647166281435, 0.29147820261711066, 0.13462146873794448, 0.27944162543626394, 1.3977128694910779, 0.2352584320744351, 0.7060536975581464, 1.7052630908419637, 0.14421667789806916]"
45,2,0.4307376733331818,0.0335774838880649,-92.20465588063568,18.626317659688347,12,0.6490751013053006,12.089879021906922,34,0.6955410306636135,12.9553681824875,44,,12.540403474429832,62,,12.59212192020064,77,0.7042357363036369,13.117318531696055,84,0.830126898680205,15.46220731266942,162,,11.725475929539066,118,,12.015154264822884,118,,11.775426080076285,165,,11.581338297048369,149,"[1.647490116918978, 0.6355240720694598, 0.32451317248114686, 1.4238006141918862, 1.2949914088817795, 1.7671968257014006, 1.4966349832273829, 1.6266137677312122, 0.6358656878854823, 0.43713513318147335, 1.5261680281176309, 1.6329860046078015, 1.9819597698012792, 0.8839735861317103, 0.806834363006288, 1.5751846254097939, 0.7475267264807339, 1.868438918646773]"
45,3,0.4307376733331818,0.5307563958148531,23.22033308758331,19.367756353641624,12,0.6361957475585976,12.321684231937812,36,,12.05593837223539,47,0.67801213078678,13.131573753891756,113,,12.752788269362265,73,,11.948355606449928,109,,11.862495034872676,89,,11.864500935699562,95,,11.561282863569096,125,,11.606001664836288,152,,11.511694637921137,145,"[1.7309842285017223, 0.9150886520125349, 1.526655028803845, 1.5336314607608963, 0.29593535078827193, 1.8148505226911766, 1.0599795076509286, 1.670269185604709, 0.7080942419581623, 1.8014941341427808, 0.8394831895949099, 0.12059153781256689, 1.8202257551966008, 0.2734446858936538, 0.7066959114217882, 1.9051177373965293, 1.9061535791813564, 1.1895319874342436]"
45,4,0.4307376733331818,0.2659372761287866,-38.26003793193165,16.312814792059932,12,0.5803572844431949,9.467260894344683,31,0.616551091610017,10.057683767276584,40,0.6190062858496064,10.097734896185536,57,0.651422958228761,10.626542068881571,108,0.6702367820343326,10.933448492152309,86,,10.918341893118289,124,,9.682134417664086,115,,9.921240121039444,149,,9.422774754031634,122,,9.740198461228788,141,"[1.3004907031226185, 0.9520464917588075, 0.6571004662263226, 0.7244626362028403, 1.377785066546373, 1.529511605931592, 1.6040001830791122, 1.6002744713096524, 0.2732915957925117, 1.0393985789349047, 0.20936164403162413, 1.1441048764150974, 0.9389079526094163, 1.7866379472407694, 0.7667385238489495, 0.32242733121245115, 0.3716841959003881, 1.546870200263197]"
45,5,0.4307376733331818,0.4943250810345443,14.762443974148676,17.26360506542097,12,0.6105499087498387,10.540292497386025,40,,10.32603761018369,40,,10.251749427727924,47,0.8590265932260314,14.829895846148233,131,,11.358160102466265,145,,11.486525678122089,99,,11.45751225945127,140,,10.909415827512598,155,,9.993045375045993,125,,10.461191492479294,208,"[1.274614320300896, 0.29213308463330145, 0.2598029316184951, 1.431841349772328, 0.2382497120919677, 1.6615341126516767, 1.4418602315973428, 0.25456268321960956, 0.2611916567618646, 1.9746151991522334, 0.8111145119366285, 0.8042200794270927, 1.6443191777892547, 1.8997722970293314, 1.9734020212634547, 1.531418551991989, 0.8148932125087399, 0.25865136172747066]"
45,6,0.4307376733331818,0.2436960529516465,-43.42355729744955,15.261788195739932,12,0.650498671336408,9.927772943546502,34,0.6539579958152981,9.98056842104366,49,0.6657597243007223,10.160683901531836,66,,10.12046516441421,85,0.6811527000316019,10.395608236838685,82,,10.108424211405245,94,,9.964070999716723,129,0.7103147703670286,10.840673577647236,144,,9.478044865613878,118,,9.855559817849992,178,"[1.5765791402621299, 1.1609680744980295, 0.9060218175692549, 1.8220733316799982, 0.31127521638168754, 1.0359876981526324, 0.12157192505809623, 0.9904552197888399, 0.20697622379549097, 0.32575404090933663, 0.32329986887649925, 1.3334995740205207, 1.5174852706043043, 1.2084006536846033, 1.9281278421016295, 0.8122541010950377, 0.6428529639355354, 1.7503383435599744]"
45,7,0.4307376733331818,0.3944681543688126,-8.420326618682862,19.063869208617803,12,0.6564622398444143,12.514710280790204,32,,12.315394212334308,42,,11.852975540295986,48,,12.015485526895445,77,,11.70286264686578,72,0.7420579643883906,14.146495978313444,126,,12.678910216446363,114,,11.745461631396475,115,,11.58728619348808,144,,11.73969431883391,142,"[0.52483209318696, 1.9301228249371614, 0.12309350191065105, 1.9427697707445142, 0.1820038327060946, 1.793171916026335, 1.1026321072639698, 1.9866331126266705, 0.24021347299725784, 1.1523231403625094, 1.941674817676288, 1.0938859039232827, 1.2958574124569988, 1.4219225090707726, 0.963628023058769, 1.2923603521597204, 1.2101971926538904, 1.812200219932879]"
45,8,0.4307376733331818,0.2652239217664505,-38.42565018423732,17.345630113589152,12,0.6215930594250164,10.781923289960575,29,0.6336832478889246,10.99163522705911,40,0.6402281637314438,11.105160916388018,53,0.6561411920924021,11.381182420324254,73,0.6760900081456872,11.727207204788566,117,,11.31384674535393,91,0.6892686766074313,11.955799513315604,129,,11.579316543629483,170,,10.746324233783197,157,,10.627556639176833,187,"[0.18634812264876996, 0.6338300602252376, 1.9057818197454615, 1.7915011893927408, 0.9657478302928545, 1.2782519358229198, 0.6270242476641521, 0.45743020347514646, 0.981026969385966, 0.7713692332495004, 1.2089466125166568, 0.2476958102334712, 1.9513501345657163, 1.9738004145112453, 1.4265072566375157, 1.1185830960538288, 0.6881024709440227, 1.6462105374432023]"
45,9,0.4307376733331818,0.6277865329067609,45.74683659517262,19.697692257258677,12,0.6551660007678645,12.905258260544295,29,,12.63989045168109,41,,12.541280169723317,61,,11.976950703275532,74,,12.782505244551782,81,,12.363339309303306,101,,12.365934511121653,132,,12.166888788025624,145,,11.262090570478136,150,,11.26256179343324,128,"[1.4009892278523706, 0.40897218475529346, 1.8307616505383006, 1.662820761554021, 1.9046198352546555, 1.478867065937884, 1.2654888722780007, 0.8946617689521759, 1.872184118372625, 1.7455213900507758, 0.18591547320175988, 0.15009725154477882, 0.8152803970682942, 1.6400513284854825, 1.9758246456983943, 0.38579209309670354, 1.2288483591690567, 0.8236926275989408]"
45,10,0.4307376733331818,0.0552094760982591,-87.18257549402841,19.456715834823395,12,0.6424007072079997,12.499008012235636,38,0.6442478845620282,12.534948017109487,36,0.6676534894775199,12.990344220892355,53,0.7350149984956903,14.300977960063792,62,,12.47256127486878,71,,12.60227636557022,88,0.7357908349231145,14.316073188966488,124,,12.043715245270349,111,,12.384529208877312,157,,12.590700687753476,161,"[1.942837355847746, 1.7000259539578464, 1.6928245389511618, 0.9905170036104435, 0.8881570544415638, 0.6194734366683419, 0.2071134436367615, 1.7429725148846011, 1.6445119173471474, 1.9994635792436481, 1.99360999044042, 1.155320240644992, 1.56107608884297, 1.895054886776613, 1.7143300422870817, 0.5699613933120755, 0.9560338570891777, 0.3454028887878405]"
14,1,0.4352161265331302,0.1798860216278885,-58.66742736285187,16.58728388670137,12,0.6532306330892359,10.835321954540818,32,0.671846513229231,11.14410884322372,45,,10.799825985052696,53,0.7018530870255472,11.641836401250474,90,,11.283258606854876,95,,10.956091308075372,108,,11.117966740273278,111,,10.574414950277385,118,,10.681963958163456,135,,11.49975767501622,207,"[1.9126969517915724, 1.251731805456672, 0.5344213304565791, 1.3762313003711277, 1.274443656870002, 0.7805091642623969, 0.3157594251792951, 1.3759890716263192, 1.0885846317172072, 1.5674049442977147, 1.0883106521127874, 1.7191448506052263, 1.1486229936715224, 1.165782145917234, 1.7656418450508555, 0.8666174458035544, 0.35462893405621737, 0.15468708499534406]"
14,2,0.4352161265331302,0.4555665569275131,4.675936656229075,16.99396028815958,12,0.6429355979610286,10.926022019593857,29,0.6599699882412633,11.215503771549177,44,0.6683806342580454,11.358433955956135,55,0.7015806148157,11.922633107120587,85,0.7122113294278359,12.103291049073984,90,,10.779127581360047,87,,11.960730468430087,142,,10.987929317003552,154,,10.647261469413714,164,,11.07391003185566,134,"[1.534760785779876, 1.2785881475715828, 1.4377515593885246, 0.5046319068669304, 0.35910580361486255, 0.12763486476897568, 0.7661163617325343, 1.2208436050238027, 0.8452636856894914, 0.9312023518450852, 1.8179015195381218, 0.7616853873442706, 1.0765800294036405, 1.5889407242081717, 0.8534312864104133, 1.2819647304329596, 1.7384910466188157, 1.9040891849495198]"
14,3,0.4352161265331302,0.1234241655733541,-71.64071870301923,12.898929690230498,12,0.641389529815773,8.273238449143653,35,0.6485658820517642,8.365805712068033,61,0.7198904849565473,9.28581675012044,63,,9.100230485395524,93,,8.656988884866777,83,,8.622832822573583,89,,8.351260995171552,130,,7.973240604829982,118,,7.907392147724104,144,,9.15185164560351,165,"[0.37943961376517205, 1.8605164878068392, 1.0350209568511226, 0.5906643377680209, 0.9723579368526964, 1.9620618930424063, 1.0359743785864521, 0.7246280595462655, 1.3034616232017788, 0.5562766756785669, 0.24414032340646144, 0.3448714716302335, 0.34328709401976765, 0.38861511767335927, 0.36377162803387925, 1.3176620151261076, 0.44557216035837516, 0.7567678383153401]"
14,4,0.4352161265331302,0.1134142369255108,-73.94070899234535,11.537531056541486,12,0.6944113034756488,8.011791979863753,36,,7.801189163378029,40,,7.680405820404098,53,0.7011168507534292,8.08915743983225,68,,8.043005087117807,85,0.7117293413064627,8.211599379175128,124,,7.817849115562031,123,0.7345298286995705,8.474660710577393,187,,7.7462464957738835,170,,7.44100934085359,177,"[1.8038979788214224, 1.0005271164994574, 1.3683597031899515, 0.42740775528309666, 0.46534913573647446, 0.17765037090630983, 0.42097661983711265, 0.6293216441607213, 0.43631992012581894, 0.2685348141384057, 0.32920815509114154, 0.9754796592621789, 0.49203406497100577, 0.7921127359913434, 1.056492814624228, 1.411750174395794, 0.17469306569808798, 1.618879757927181]"
14,5,0.4352161265331302,0.603173458120204,38.59170682047056,15.7485942528572,12,0.638325642183363,10.052731539940291,42,0.6404832164758709,10.086710302043397,41,,9.625852745434974,58,0.6834415216142856,10.763243219458715,66,,10.557791404542629,107,,9.687933286309892,107,,9.489467854837931,112,,9.73004979036409,138,,10.315932412829314,225,,9.342916000940296,195,"[1.2930107400327246, 0.25534216070285665, 1.7597993858028766, 1.8496575610104449, 0.21604812372424112, 0.6260675314796871, 1.6317824316068166, 1.521693411728951, 0.4505899367771169, 0.4977637143397496, 0.8038969953036258, 1.0205936718629405, 1.2746840659075622, 0.8009359151825676, 0.9788159606529809, 1.5201947824541373, 0.169698085492136, 0.5796301942536394]"
14,6,0.4352161265331302,0.4271759003979616,-1.84740997518081,13.24036011517007,12,0.7067227360677459,9.357263527115247,34,0.7087685830132932,9.384351277414812,43,0.7309726169367448,9.678340682570765,62,,8.847074627869278,72,,9.50000235966314,83,,9.408647592058651,93,0.7396452954096584,9.793170068715224,116,,9.067774237101942,131,,9.581279907699177,193,,8.876343410066745,157,"[1.4553642131806497, 1.8008929916056786, 1.0721871400197656, 1.1110156220040996, 0.3036268215455745, 0.9500834969645637, 1.111972806264544, 0.5606939569059863, 0.6115621388038238, 0.816839909898783, 0.13813527577768012, 0.7119504146080388, 0.5017512132934349, 0.7222449691380378, 0.3275480504565773, 1.7920018334058003, 1.2278256617526924, 1.3902944063745302]"
14,7,0.4352161265331302,0.5651303412054967,29.850505703280035,15.15821867837924,12,0.6201257080249928,9.400001090327596,37,0.6484759126950763,9.829739692293533,43,0.6522956430107458,9.887639999710885,63,0.6673938864889414,10.116502476012784,78,,9.593515525568964,86,,9.630268136176335,116,,9.496194798212594,98,,9.342260237812948,137,,9.752214890713624,170,,9.31958224972398,171,"[1.5994253533539426, 1.0470401779652088, 0.265148547366105, 1.1205024294552408, 1.2149981242396704, 1.516335000950227, 0.9201531378363909, 0.34240257531157114, 0.6391742210175765, 0.7898563631574067, 1.3272427585300424, 1.1844787788709326, 0.7765837792059078, 1.9743789727066614, 1.2509721567780856, 0.5507309042983894, 0.2933866979787671, 0.39043236445023083]"
14,8,0.4352161265331302,0.0294409906912349,-93.2353171455852,15.12443864209162,12,0.6863985005156076,10.381392005072,32,,10.175081500706131,45,,9.742316620294217,56,0.6976416530092938,10.551438375106436,63,,10.386512818445883,97,0.8050223868467162,12.175511695373302,157,,9.88482574210897,167,,11.04583568991515,207,,9.486091321508418,144,,9.460877877452308,144,"[0.5673196839305654, 0.40529460919315574, 0.45447734569748094, 0.6416808205183094, 0.42940983106003416, 1.8038543067902078, 0.2524441167571202, 1.0965716401834837, 0.8797539712803568, 1.966519372126352, 0.31287391411929943, 0.855925638186909, 1.9419938232232008, 1.7444635391985623, 1.6524369348036319, 0.5900153713853856, 0.42468641604112506, 1.3704221178564189]"
14,9,0.4352161265331302,0.2023392499460481,-53.50832894041546,13.283816334151158,12,0.6980279884287929,9.272475594385076,30,,8.909620420702023,48,,8.817998406317406,80,,9.081109626136223,75,0.7999274756659909,10.626089667388191,127,,8.911836875947209,108,,9.646010106135948,142,,8.702239192535133,111,,8.680144594116321,129,,8.464184005367292,158,"[1.865814379342413, 1.1578494967264665, 1.1860641099928098, 0.6319602779545399, 1.5620365730646801, 0.4553831222592944, 0.7149905491680629, 0.9083292333711919, 1.0644597195004646, 0.5605784915886525, 0.3181899670044867, 1.2601780806391019, 0.648398051156486, 1.2043526207029633, 0.3932891590209844, 1.0141661935241533, 1.1119199218480131, 0.1984647199626111]"
14,10,0.4352161265331302,0.3232290503303154,-25.73137100752398,17.32013771944999,12,0.6298630556122679,10.909314867598066,31,0.6947963868711325,12.03396910758427,42,,11.097197633080992,53,,11.191979383506515,71,,10.952705881753827,86,,11.781376284126376,112,,11.03317558920433,105,,11.259123723141874,136,,11.071264543860908,143,,11.255581540403192,180,"[0.7395481285684491, 0.35538788618405104, 0.2204124438982587, 1.980924441540896, 0.7124723054519736, 1.6387614471238061, 0.5838172440511513, 1.3948551722254656, 1.5444329337904044, 1.231713607154904, 0.9959947582453008, 0.8824977368798101, 0.762849706431691, 1.866105374070869, 1.6781768747966852, 1.933551130266374, 0.336164724622535, 1.4886482028869241]"
10,1,0.4662412252266481,0.53590072605272,14.940656693798182,16.605187365495734,12,0.6969553594852901,11.573074329639676,39,0.7024310171084407,11.663998650421398,41,,11.040976705214607,61,0.7081578576236512,11.75909391018878,84,,10.896705520346242,99,,11.615892646103244,92,,11.16410088420775,113,,10.652735878295797,138,,11.023758049245814,184,,10.532291930408798,148,"[1.882846867959972, 0.44434282571475425, 0.22634290799687723, 1.508129233651112, 1.1914989150418325, 1.6994746758407169, 0.36556751558995004, 1.6110078925337914, 0.4830919080907146, 0.4109462914448386, 0.41210501606888655, 1.6476919684396258, 1.3638747193227803, 1.0938243070613267, 0.7817779198346547, 1.7666810275449056, 0.8456457041030072, 1.6515389349959964]"
10,2,0.4662412252266481,0.0983223871547114,-78.91169166627958,16.236396201244556,12,0.6866329265307705,11.148444239973632,33,0.6978124723246367,11.329959774832805,46,0.7163345939681771,11.630692280324972,68,,11.116856545086298,62,,11.04731401666135,85,,10.804916567074669,86,,11.12064470912144,119,,11.444326397490237,121,,10.851022682764697,155,,11.431254210203084,183,"[0.9343563262834149, 0.8161944159073243, 0.9790915927722522, 0.67261796091187, 1.520457822334877, 1.0551687411757102, 0.5412041207789529, 1.80919168922168, 0.8293933206091016, 1.1327504361165783, 1.822297010832639, 1.2860521922365848, 0.32210627734589176, 1.8856810348656026, 1.292645300835694, 0.7363206678484636, 0.36461693806043577, 1.6086478596135623]"
10,3,0.4662412252266481,0.724045775737137,55.29424181338008,17.147154227525245,12,0.6194736425267006,10.622210088292176,32,0.6807075223893359,11.672196870246536,56,0.6870987137805067,11.781787614728572,64,,10.834191268994736,63,,11.246111671688167,94,,11.772859678900128,112,,10.762173167325775,113,,10.42508332229747,118,,10.372265189538538,129,,10.683065527537131,193,"[1.2781382362641756, 1.1135760747550107, 1.7983959077968195, 1.5983347013266083, 0.3881822714922272, 0.6922719288115416, 0.5721293656474848, 1.513497955888086, 0.16371162599798084, 1.1827904012555013, 1.548671502907312, 1.7658547098473238, 0.7499553225602241, 1.6603888788768244, 0.31020030021489375, 1.7082593542955844, 0.3422284584307666, 0.8548458520646978]"
10,4,0.4662412252266481,0.5474776774439007,17.42369567979797,16.790062739822954,12,0.5979199562652839,10.039113579086314,29,0.6608495689616999,11.095705724451896,56,0.6749315198485335,11.33214256334094,54,,11.294095599715574,70,0.6935831002273568,11.645303768098232,78,,11.245277071259318,108,,11.351325862333448,144,,11.139532597545577,153,,10.921847462566287,164,,10.593239714948718,161,"[1.6148611949811518, 0.3848431119626702, 0.5355776509420188, 1.472279879946826, 1.4680694194375412, 1.3181805024820648, 1.41850204448749, 1.1311764423604327, 0.5784182119232102, 0.7568223876574469, 0.44503566192270877, 1.8260560665338939, 1.2084444100556289, 0.8616176918509157, 0.977811026923852, 1.899838345262449, 0.3913676659205524, 1.2138366808319148]"
10,5,0.4662412252266481,0.4665199035325926,0.0597712709357808,19.40746628411546,12,0.6251700975110156,12.13296758928221,28,0.6416751315826302,12.453288481545249,43,0.6534437365282288,12.681687285238027,68,,12.519849795896016,64,,12.480767202889972,84,,12.021654929418869,113,0.7105020677967038,13.789044925558846,134,,13.677775511311188,176,,11.852382511586145,120,,12.372961993094478,191,"[1.0611884898804853, 1.2617630473258308, 0.13440934925959697, 1.7570354269938877, 1.8710247367188635, 1.173753048819497, 1.4236365653660952, 1.8527488242368617, 1.4437534051954573, 0.3898241815370965, 1.194947884316945, 1.2527585881274261, 0.9058482754745334, 1.4992440476869733, 1.875297328061128, 1.858580174522875, 0.9565948056678509, 0.315152287097435]"
10,6,0.4662412252266481,0.6013163272471118,28.971076496893065,16.588589702502453,12,0.6326564450136375,10.494878188975036,33,0.7000366365583646,11.61262054058654,42,,11.428201682243134,67,,11.318065744043157,78,,10.998388860623576,94,,11.59007918465346,126,,11.11941223541456,122,,10.714641026318208,118,,10.78389735651147,136,,10.868230577796265,144,"[1.9711982780284356, 1.6939063642472747, 0.33685909428620703, 1.8495995769730074, 1.7528030879180436, 1.085792308539537, 1.2234233279153655, 0.8581051373532474, 0.20404711376185952, 0.7368747591272117, 1.6254215523362217, 0.10880084370874543, 0.7336484262131739, 0.8565205178227923, 1.1210516455820534, 1.847725671184245, 0.7580573892953264, 0.7592110836028326]"
10,7,0.4662412252266481,0.134287983137801,-71.19774574362849,13.90026620376272,12,0.6969539150901244,9.687844951507367,31,,9.52931628121114,43,0.7441402536653766,10.343747618884253,63,,9.704979247609606,83,,9.821931780718836,92,,9.958331465443347,116,,9.25424721104152,116,,9.871166009566076,163,,9.540209501387706,170,,9.425548343046838,180,"[1.5012523714085217, 0.9592140876906335, 0.5267491635859657, 0.9596350806521174, 0.3676283387216197, 0.43513527436182425, 1.0468987682050115, 0.895958354058641, 1.83820721202939, 0.7885484083216029, 1.2031178655282826, 1.3013021470471076, 0.12487946751783391, 1.3607210068317501, 0.4382683370525277, 1.9260336031919647, 0.3824591827309146, 0.887785835081345]"
10,8,0.4662412252266481,0.4280969504191265,-8.181231676580932,14.994772680118524,12,0.6689294083738186,10.030444417611582,37,,8.962981153273677,45,,9.94678013301174,64,0.8325247838142853,12.483519883860025,133,,10.294401818252254,117,,11.01577298192404,150,,10.080782430150109,135,,9.187709945479895,163,,9.563823133492274,197,,8.967352450248042,161,"[0.26216436934942333, 1.9940610785072999, 1.054170519629361, 1.2312315329080832, 0.22744530703801222, 1.5249248937584376, 0.49882062688161294, 1.806303149937356, 0.4897653169158136, 0.4623066692609665, 0.16944436891138026, 0.9969271957089986, 1.1731981531989712, 0.2248464149138695, 1.57350247172052, 0.9612487860212524, 1.096341511722402, 0.9374492191826335]"
10,9,0.4662412252266481,0.1714933127400169,-63.2179002067758,14.139020366368278,12,0.6535608763862543,9.24071054188675,36,,8.956108782999511,43,0.6993409717533586,9.88799624265652,61,,9.03552507661981,73,,9.13683929696161,99,,9.015037488109302,84,,9.32717518246875,146,,8.665983098683208,122,,9.174271146645165,155,,8.893102913535364,206,"[0.8614498156631193, 1.1633166294856139, 0.39495646726835376, 0.44566344794101515, 1.7373926799256827, 1.8976193780539021, 0.8092877009315306, 0.6144148789727522, 1.3235991321541298, 0.8765949250863831, 0.14823407575465525, 0.39668993499576166, 1.4603472348100552, 1.3519554896292876, 0.15148238575661863, 0.5217471076726039, 0.5390421135173357, 1.376596212837584]"
10,10,0.4662412252266481,0.0944351089961266,-79.74543993825942,14.423397841801108,12,0.6704298014191518,9.66987575086814,28,,9.046576701504494,43,,9.351921740060174,62,,9.040855955792612,77,0.716711069147357,10.337408887934954,98,0.7910260633371055,11.409283614744831,128,,9.510187960929848,132,,8.90340369412475,136,,9.352928552620693,169,,8.600725140464206,180,"[0.1374500217332919, 0.2978063057706903, 1.6198405622090597, 0.43923485790323386, 1.340217604918562, 0.5525472839887804, 0.2889386462427558, 0.5620271628989627, 1.4723071705257524, 1.7258232894019427, 1.677417742677284, 0.8546487062750642, 1.3693617594842276, 0.4894701612900598, 0.6569806874959252, 1.8030380551901275, 0.12470365467039847, 0.26246620862348935]"
39,1,0.4741417384765931,0.2218831327549839,-53.20320597214463,14.936128898969857,12,0.641636027829654,9.58355841788672,39,0.6908406718990802,10.318485324135604,47,,10.304378407773742,57,,10.151939358010155,85,,9.94021369693186,84,,9.672788019704798,112,0.6921326445991999,10.33778239491854,176,,9.465651095198943,126,,9.045921116487891,147,,9.21771357341684,156,"[0.4949838847774519, 0.15041118736025746, 0.4447273266706149, 1.2077789658424152, 0.900706646125746, 1.7960762510462522, 1.6531427673030377, 0.7494529682259643, 0.5929045235194557, 0.8214155755178071, 1.2215603907781347, 0.6093209175634648, 1.2858829249133545, 0.8778821391633568, 1.1488896436187623, 0.9286404053571017, 0.6594849431296436, 1.9020612832280976]"
39,2,0.4741417384765931,0.4282788273369142,-9.672827219775114,16.530428032164664,12,0.5773191684301221,9.543332965323284,27,0.6887195707225617,11.384829298172647,44,,10.78622229024536,56,,10.300237795029243,82,,10.289067590721066,81,,10.50590256905694,126,,10.560751527901948,130,,10.01415267544446,116,,10.09997900913141,155,,11.01902412739378,188,"[1.5508510089035454, 0.3662150339562598, 1.7500891542060342, 1.0261192766740759, 1.7996492310987737, 1.6197249862998988, 0.9079056584915435, 0.14269168580822306, 0.6104869828313976, 1.129105007855647, 1.3036086176696797, 0.5899866023230843, 0.36477654073836585, 1.6863674499186683, 1.970364143336749, 1.098811346375103, 0.4261906431117766, 0.617383920386801]"
39,3,0.4741417384765931,0.2617879107079179,-44.78699311538429,16.685044419015263,12,0.6036492217047494,10.071914077647737,29,0.6662881298258584,11.117047042007057,48,,10.652167350694825,59,0.6968053515451582,11.626228241938511,93,,10.483370252393067,93,,10.584951772497156,85,,11.545684257163932,158,,10.02414069567403,106,,10.24492650204802,154,,10.274876748636649,167,"[0.1349422854401868, 1.837167732464948, 0.3237270574912682, 1.1953813034770817, 0.6207049193056914, 1.1529382047800074, 1.3376987378685419, 1.676509427043683, 0.4922004163451461, 0.12089207445111291, 0.3600826971307338, 1.8100354195113997, 1.760391147368779, 1.2350848941235857, 1.2409820348239413, 1.3635696816378853, 0.4332054293845542, 1.8373826972574234]"
39,4,0.4741417384765931,0.6334296456009287,33.59499790845754,14.944508581439148,12,0.612313984772729,9.150731599971248,30,0.6226886370303389,9.305775679664547,42,0.6487756959243126,9.695633955170043,76,,9.104058822334409,68,,9.538473925397335,74,,9.432996495298257,107,,9.388957104795908,92,0.660089517158679,9.864713453695902,179,,9.1766687837334,164,,8.782362046208448,150,"[0.8956639972949388, 0.8279632036740452, 1.0859436400373912, 0.18923533687260458, 0.41593840063655085, 1.5022638712101037, 0.2573174690577403, 1.2459890079861375, 0.5661633083945098, 0.8396616666797554, 0.6485180998643297, 0.7757781612834034, 1.4661872198500663, 0.6645312596840325, 1.1761688165641047, 1.0044957641782892, 1.3609752141890314, 1.87997650471704]"
39,5,0.4741417384765931,0.2791906313930781,-41.11663059022996,14.296841001811812,12,0.6660980257845064,9.523097566261834,37,0.673533200570263,9.629397077994476,47,,8.612073950094587,55,,9.088067686760224,73,,9.200152349511868,84,,9.526455433479455,89,,8.89949965496942,127,,9.1711803679214,123,,8.752391344111947,151,,9.106355857980631,178,"[1.4918869846994756, 0.5083867193224378, 0.1592479566164409, 0.5983016841696677, 1.2306480683304841, 0.19770904562007566, 1.043095869682349, 1.2340014129420895, 0.7350633925522255, 1.5647331871170616, 0.3025366809541664, 0.24276178529803666, 1.4835586367868463, 1.041433500791777, 1.4079645532126983, 0.9261719433471178, 0.5681638631543029, 1.6562944035809795]"
39,6,0.4741417384765931,0.2614918343337642,-44.84943781285071,17.99193449822707,12,0.6692396298304802,12.040915583527733,39,0.7184793175190781,12.926832819134145,57,,12.761740269724193,60,,12.214661849277,67,,12.655376033420564,90,,12.826600387369773,91,,11.816940713076605,108,,11.749605212506802,120,,11.77396132738045,157,,12.139276669334974,175,"[1.6188901700410605, 1.4199232946234108, 0.6170757607369292, 1.2214382670512653, 0.7858504041860509, 0.2740059393206049, 1.8428957933782613, 0.35995539874602667, 1.9054509722595245, 0.9474109686201159, 0.45175256479337733, 1.1296118000188804, 1.7585970881651756, 1.4912272841781662, 1.6324661809367544, 1.351688396750363, 1.4153254725839197, 1.7134717379741067]"
39,7,0.4741417384765931,0.4203373830365322,-11.347736567747242,18.667609954679985,12,0.6352163659587006,11.857971356546283,31,,11.833759437201742,46,,11.755391944730402,57,0.7353656130390943,13.727518438297947,73,,11.940490199971068,82,,13.023906566001603,95,,12.52191955141514,121,,11.320422334900238,112,,11.480937105433467,129,,11.266461467017134,143,"[0.5743692168324532, 1.029907430921967, 0.5202979394572442, 1.9765692151936292, 1.893712745404565, 0.1749109416001612, 1.4405928277798081, 1.857971803089765, 0.4430931557419337, 1.179095938049996, 1.8394277654172795, 0.1644973593130178, 1.4250985077689957, 0.6649631140078465, 1.8563527712154078, 1.9450106658141986, 1.8941063293155243, 1.0010070116491812]"
39,8,0.4741417384765931,0.2216653326038411,-53.24914163514756,14.04037332173885,12,0.6524495541285518,9.160635313566926,30,0.7125508261689498,10.0044796101255,47,,9.665930953734422,54,,9.740274829134938,61,0.7267351252172726,10.203632464071136,117,,9.833015603759256,108,,10.12701797586766,175,,9.604056898171986,129,,9.059371191629811,141,,9.73481139412762,190,"[1.7378810368796955, 1.7046438572166336, 0.7062908991621857, 1.6749394008862868, 0.17031450595943598, 1.2329127691159008, 0.5370167908466358, 0.32907708297682975, 0.24621108309549739, 1.4229486741684654, 0.7457624311593256, 1.4770568659046468, 0.2241770475179905, 0.6990516418781596, 1.1250334555131407, 1.6023740131940307, 0.7056297555709328, 1.2891936152303172]"
39,9,0.4741417384765931,0.5827062894426707,22.89706688023145,20.920144825501552,12,0.6052331094962103,12.66156430384936,31,0.6444251142602591,13.481466719515003,36,,13.041828960089408,65,,12.722010902027389,90,,12.828549773807492,89,0.7147008941942367,14.951646213458892,167,,13.157076211362345,116,,12.416397660796692,126,,12.255820267423177,149,,13.944447343639656,174,"[1.7833577216487555, 1.2701400575463786, 0.5426230020319042, 0.14636148495742224, 1.7531878604117668, 0.14041188061573556, 1.7619331780999787, 1.1049805546517026, 1.8842286271745026, 1.617688147969964, 1.9960748100133412, 0.7663524493582493, 1.557657748969141, 0.8636687358575601, 1.0117636785774267, 1.292260380114903, 1.7599865169540436, 1.9697585914786606]"
39,10,0.4741417384765931,0.4545266428983643,-4.1369687556408,14.069489538786517,12,0.6489893090921125,9.130948295055765,32,,9.10139516164884,44,0.653533876049783,9.194888032325023,52,,8.618073197744424,66,,8.594030614883051,79,0.6828816009326983,9.607795540552386,139,,9.278346071110445,102,,8.836876912313318,125,,9.252342463115372,210,,8.324519765175333,164,"[1.5597194863425845, 0.8937568861179341, 0.9005783043264333, 1.5014063730188938, 0.5536765769597745, 0.3099008149496498, 0.7737820995174753, 0.6457540841427553, 0.6629854288663811, 0.5438547269948288, 0.17997706030908758, 0.13396047599348623, 1.9766725404984598, 0.9127689540981384, 0.8302206296033952, 1.3913298371168326, 0.5146823869436219, 1.904926249505428]"
80,1,0.4864603499171478,0.7843711555665909,61.24051131817468,18.160579916556415,12,0.5857847662949252,10.638191062200312,28,0.6013395085773992,10.92067420250262,45,,10.737117907835504,52,,10.831541541204237,62,0.643815012498674,11.692053985960936,102,,10.471998054569914,85,,10.40380857067672,134,,10.029269942591917,134,,10.740702237358365,163,,10.036547834820162,147,"[1.594055527389549, 0.2698809043932931, 0.8934034739913639, 1.770324784368113, 1.8949908423536794, 0.9880628713747525, 1.2654816395003445, 0.4173644975749429, 1.9832203896602554, 0.5401762326285424, 1.8911903708567386, 1.3343286330855, 1.2546999102698322, 1.0741081709313662, 0.5382726422637415, 0.4354032608104657, 0.5189237972333332, 0.45423269807408356]"
80,2,0.4864603499171478,0.5594137581347915,14.996784060626709,19.890681439796577,12,0.5887445832824881,11.710530955477756,34,0.6257801899383477,12.447194409399067,62,,12.014259648410276,49,,11.90886411828437,67,,12.2263518545691,99,,12.229335421059474,117,,11.620020983322036,117,,11.073576925990132,154,,11.011366261334643,150,,11.036801421191983,157,"[1.5812104997768313, 0.7652379924167871, 0.2099010854704531, 1.9412949972675415, 1.7791931814305086, 1.8627293380709045, 1.9903248630282269, 0.43040097351702583, 0.8528598359150517, 1.5406531038377733, 1.4224391743022051, 0.3924022220457246, 1.6500829374821737, 0.5264370864896553, 0.5252534681629838, 1.1202514034974858, 1.2265858761992359, 1.202163794891841]"
80,3,0.4864603499171478,0.2627387805577115,-45.989682282952714,16.55004544858697,12,0.5982582633195501,9.901201447931266,34,0.6178482365108193,10.225416394583371,38,,9.796099895158374,57,0.643600096772608,10.651610852301635,66,0.6488399800099363,10.738331158024709,99,,10.410399126384876,89,,9.67441836563588,107,,9.698102524032992,160,,9.5284101889822,151,,9.669651016823105,168,"[0.27382499105573427, 1.7671756389977227, 0.6046400809185415, 0.34607835043732793, 1.7886213517510565, 1.9157378466365313, 1.7380424728043562, 1.6380805419772684, 1.3449597632141412, 1.1466290041573646, 0.26527484383167926, 0.8760611048343275, 0.8081081823233965, 0.5935321891446198, 1.4744982160083113, 1.0421638966496645, 0.2539878102245311, 0.5183480837046415]"
80,4,0.4864603499171478,0.7064870243749652,45.230135301940145,21.637823495950837,12,0.5705598517192145,12.345673365376244,37,0.6586024291784968,14.250723116568771,64,,13.64237638110151,54,,13.427472342367622,75,,13.320432807196347,85,,13.357066461353082,132,,12.533995899191153,99,,12.298038819786404,117,,12.378523541126174,147,,12.52227132135788,184,"[1.3981916509532322, 0.24464863303157036, 1.7172931366926605, 1.040778401326551, 1.0131144969206312, 1.2255747908530834, 1.6668938352577833, 0.7608374950141668, 1.3882306898622208, 1.174890731592003, 0.6073537133219005, 1.7693969740748001, 1.6151094410531632, 1.3510584858510084, 1.7161052852790595, 1.7478589818236243, 1.445889655758566, 1.6903253238909768]"
80,5,0.4864603499171478,0.761201591493947,56.477622816246395,19.03526704853241,12,0.5400782577869748,10.280533864081194,34,0.5924859252560555,11.278127809745827,47,,11.271098588232702,70,0.6045196753789417,11.507193456930278,67,,10.310471744639113,89,,10.26366803978731,90,,10.613155733404673,113,,10.65788201704432,169,,10.97893568280834,160,,10.057497049857046,156,"[1.4251957771716388, 1.3922674663445707, 1.2753616186088501, 1.5301616151595183, 0.40134970005684, 1.7736544424779639, 1.7565027027159408, 0.15556983776566238, 1.669051826073049, 0.34485274819954587, 0.7367258230923696, 1.5126656869540547, 0.4054438024917856, 1.654137345826218, 1.6810549381197095, 1.0641886941455887, 0.11213315626198381, 0.6453724530323343]"
80,6,0.4864603499171478,0.2593345669596036,-46.68947489681891,20.35218252524205,12,0.6066214433951739,12.346070339704369,32,,12.177215005109632,67,,12.281662933689123,48,,11.755367728153416,65,,11.476385315927685,95,,11.628422519525865,93,,11.387307831035995,101,,11.929142263058091,126,,11.322495283438734,137,,11.255824760214317,140,"[1.27216114491391, 1.9642537382521046, 1.30044570133167, 0.5936268040219036, 1.3046108358892614, 1.1259722214601253, 1.5817062507871729, 0.30326321377122095, 1.5459530147538532, 1.1284064994846095, 1.9296848073320898, 0.7495571154735036, 1.3019815969545014, 1.8708534004690331, 0.2947684831822906, 1.8807341257492571, 1.4069828723715454, 0.22889041229982662]"
80,7,0.4864603499171478,0.4861099803859279,-0.0720242731559914,17.707854546811483,12,0.6009930422264453,10.642297375391626,28,,9.95143327260411,44,,9.66229168759735,46,0.691637879917608,12.247422976646067,72,,10.336188916654097,103,,10.024605951004276,98,,9.919248304657987,115,,9.807400662493356,111,,10.035917608766232,220,,9.532893179059975,133,"[0.6718307771989509, 1.445526968426035, 0.22796614279066624, 1.2061238743349192, 0.7571778082106178, 1.2797394837582066, 0.18690986424377443, 1.7559199316895149, 1.949629041437054, 1.9408679250428138, 1.524338480311557, 0.34716385624820073, 1.540700072265143, 0.1467151412717229, 0.1420347479050948, 0.7148594163841283, 1.0284220617688649, 1.563774093834807]"
80,8,0.4864603499171478,0.3180407236338105,-34.62144989042209,17.69989488002241,12,0.6301576448201918,11.153724071159893,35,0.6523268999755165,11.546117556977537,45,,10.397160363607483,52,,10.999826501097182,76,,10.24208290987696,78,0.6652525969883342,11.774901035355429,128,,10.400151579498138,129,,10.074329644324797,130,,10.319164429508328,148,,10.095797337163289,153,"[1.3982612155523597, 0.9472151421158218, 0.6198906659351652, 1.994536550299651, 0.9097444742483486, 0.9576353462263834, 0.41088526026417144, 1.6101381426248658, 1.4179962289848282, 0.5194622642986447, 0.2565239866701011, 1.3929486739419548, 1.3435713071341568, 0.6191931012965977, 1.9066407682757796, 0.3870099943837104, 0.9214361219809436, 1.8928702483184379]"
80,9,0.4864603499171478,0.7623076989155528,56.705001557760326,19.435829562065916,12,0.6362405029315352,12.365861975460415,34,,11.192548337370798,41,,10.839195533389193,60,,10.700897420567458,69,,11.091544062145813,98,,11.229588333370677,99,,10.815190546346969,118,,10.784595136452351,152,,10.446766605430138,122,,10.47573261102196,147,"[0.8974819021596323, 1.3131993005617626, 0.8554293561293091, 0.621008884462473, 1.9695575311236735, 0.8777346119985817, 1.7987884869903554, 0.5369137511930637, 0.5048989376476583, 0.1591547574805716, 1.3381669682141815, 0.8002000530751462, 1.7422806746953103, 0.9990988227139586, 1.9395675130379713, 0.45249847983593017, 1.7503840191156603, 1.5755340203043093]"
80,10,0.4864603499171478,0.578828749718566,18.98785786285564,16.00346367834853,12,0.6230342818629888,9.970706500160302,33,0.7064250646227013,11.305247863164414,42,,10.040409380078176,60,,11.217719439173589,71,,9.947287921672858,81,,10.182801593182027,102,,10.070499491381156,123,,10.163910195579511,182,,10.342344876529506,147,,10.849875190935148,167,"[1.5647515048236988, 1.7050881334220864, 1.545945582791698, 1.2898186110996892, 0.34936526759653636, 0.16179974103337863, 1.849610910849805, 1.2716355975894023, 1.613420852854735, 1.0148924678738451, 0.3228855590285495, 0.33785300518484584, 1.4025740457350455, 0.917581200308979, 0.48099698073063973, 1.03402963880873, 0.22199698044275476, 1.2057456636373576]"
52,1,0.4928885256865394,0.0693682552426384,-85.92617769991377,14.306691236043488,12,0.6381827884769471,9.130284106896934,32,,8.810600444496602,43,,9.117077781216793,67,0.6466201047027902,9.25099418500093,64,0.6970550214284099,9.972550966109935,88,,9.552232021347008,94,0.7631271667007986,10.917824747825014,161,,8.978388646504548,136,,8.90999617513934,176,,8.722514105890694,146,"[0.6110874684266856, 1.6153622912106573, 0.6896877219547901, 0.9649182832554223, 0.12207902582539121, 0.23764908680966187, 0.8457377571727012, 1.0118837859625347, 1.240039041426677, 0.6541588995476761, 1.4204655836404307, 1.7342325546594886, 1.5817168788973646, 0.17527576816187856, 1.012963199789875, 0.2993673389945323, 0.5598855301388022, 1.974658927207578]"
52,2,0.4928885256865394,0.6724355170280534,36.42750479764665,13.58298144220134,12,0.6376194971436305,8.660773796887684,29,,8.36905472969951,49,0.6480694278163828,8.802715011287967,63,0.6558084937431452,8.907834600151155,69,,8.05766256233157,94,,7.859201525947392,96,,7.927169848653465,127,,7.686847607597282,128,,7.853874223633196,201,,7.705302496773177,153,"[0.37074153151287514, 1.0478874915575764, 1.2744958952044263, 1.4346834440337974, 1.1633324986251368, 0.11856461009644896, 0.7202764856635846, 1.0836521224309517, 0.2669463483751834, 0.7661911692974435, 0.16308590670359646, 0.24929914459453942, 0.8541542247830325, 0.35215993268181467, 1.1783276116969605, 1.4099834413608048, 1.6211147283072573, 0.48028546406513917]"
52,3,0.4928885256865394,0.0574011050503244,-88.35414052896219,17.982405740065477,12,0.6206991868765361,11.1616646209426,29,0.6384162216918728,11.480259529502847,43,0.67467264643871,12.132237269984628,69,0.7026121205148077,12.634656228985056,79,,11.32140613890436,88,,10.71498766222313,101,,11.212869501571465,130,,10.630982396351856,136,,10.716574329341617,125,,11.09168453520167,151,"[0.4182169062922325, 0.29867889663536046, 1.3092174741329097, 1.442303880325112, 0.16001367516871987, 1.8788032678630107, 0.19874543893779759, 1.1284630370720339, 1.4472149869567412, 1.7548413351175625, 1.4567651710516127, 1.6232833578326045, 0.7449553658313315, 1.6481677161183732, 0.25221820813088275, 1.8001516465150025, 1.1404255146920987, 1.652865762928738]"
52,4,0.4928885256865394,0.0763577311625738,-84.5081134611085,15.085582595172909,12,0.6616831200606754,9.98187535950703,30,0.6657517766111781,10.043253413951032,39,0.7103766713622077,10.716445949518588,52,,10.449106864490844,84,,10.679960821355548,94,,10.637379489858592,100,,10.294150209753829,124,,9.660070922679258,104,,9.95672765159198,184,,9.66074568520202,141,"[0.9594047405847702, 1.3227976208733974, 1.1001650557786151, 1.4900200913351305, 0.2550969658581202, 0.21466895958207122, 0.5694961446192782, 0.4031348922150578, 1.756388776525183, 0.5165065759802842, 1.9541439860563494, 0.740102004365103, 0.4460240398085286, 1.6004271635707104, 1.3515447734516646, 1.046571861260964, 1.1551907467814992, 1.4664833787173013]"
52,5,0.4928885256865394,0.0244320368921933,-95.04309075603614,16.092174328106267,12,0.676790830813404,10.891036033113172,26,,10.703198037342084,44,,10.610759219047248,53,0.7120994210317481,11.459228022186432,68,,11.19477554490348,86,,11.410256276520204,116,,10.681416034068045,98,,10.039112039977784,141,,9.80574302482862,120,,10.086902034425572,140,"[0.5340640085294676, 1.9930344405078095, 1.9521070080788878, 1.33561880405918, 0.47913065676537575, 1.3924336606194534, 0.2371769770604341, 0.15823975419103153, 0.589597488171306, 0.9789836178047009, 1.7497177602759229, 1.4816212325559852, 1.5111423902799639, 0.9084373354513432, 0.7572764858392295, 0.8049736496707451, 1.9765341710985098, 0.1762074636837167]"
52,6,0.4928885256865394,0.3777493583237188,-23.360082729141325,19.799691731818697,12,0.6120387859283123,12.118179289297156,33,0.6247591888632001,12.370039346112458,52,0.6342529711468544,12.558013308697811,48,0.635919859916473,12.591017192487492,75,0.652274466370371,12.914833358669886,103,,12.51940177878444,100,0.6525985794772765,12.921250698272855,131,,12.185893456078349,142,,12.256054264943758,150,,12.558387987006004,199,"[1.7473598426326522, 1.1994832762875474, 0.9333692964602218, 1.4779895547887594, 1.0246709887069354, 1.759504152355155, 1.8113335416213912, 0.9012697610595652, 0.6259728147465979, 1.2254656243273883, 1.8334903566717127, 0.5002581591107664, 1.2836365087706172, 1.299964418175789, 1.492914742589034, 0.3499786017417936, 1.4600674328959682, 1.8271617892647178]"
52,7,0.4928885256865394,0.1379716827522976,-72.00752795774292,15.839132100586928,12,0.6240231561512386,9.883985204104652,33,,9.574398619209411,40,0.6256023408410653,9.90899811901804,55,,9.725226014268085,57,0.6518313663170902,10.324443118402458,90,0.6639603148917479,10.516555137117688,98,,10.201919640452775,118,,9.635371401682391,120,,10.102620017550958,149,,9.642310997933114,175,"[0.44139790685345975, 0.5513323173553675, 1.9456506786791152, 0.44385621014803056, 1.7233316774022003, 1.035327927251266, 0.5697390413660364, 1.7544248124177715, 0.9460799845050644, 1.0781529724664114, 0.7825434018595547, 1.2266066177263621, 0.41069535791154327, 0.8430549196383453, 1.941883412437046, 0.5904535221321423, 1.3477996626284552, 0.7178611220269202]"
52,8,0.4928885256865394,0.3629371033152591,-26.365276446691936,14.888592739161284,12,0.5713163640624034,8.506096669743524,30,0.644260921503305,9.592138478019466,39,,9.445730967602223,58,,9.454899766684989,68,,9.550131505169563,90,,9.045529310420788,106,,8.968734585426745,102,,8.534661413752017,121,,8.716091692231362,169,,9.155682611658904,170,"[1.5695989388045413, 0.34865995536486466, 1.9426599856492348, 0.9622001286289146, 0.5484958803582815, 0.23964381992702405, 0.42254001966632737, 1.0875705022564335, 0.7403060352194439, 1.674878395176958, 0.9186862949574313, 0.5725571179164968, 1.272575474547657, 1.442876712082347, 0.4173796250118047, 0.4184765109478035, 0.16967571117373165, 1.4991638286247169]"
52,9,0.4928885256865394,0.2983637146401481,-39.46628921325358,15.643798479577036,12,0.680364781572611,10.643489535523376,35,,10.014568499323584,42,,10.001224242120198,58,,10.112083426134031,83,,10.273372706094532,85,,10.564977978963592,116,,9.896066163627054,99,,9.77498606906861,150,,10.003076396724774,133,,9.946670521727096,150,"[1.3612286024814295, 1.0017986639246463, 1.7039238530414744, 1.630773290605101, 1.212173292353829, 1.7497154329751914, 0.4910982990698597, 0.31264727685568294, 0.6125242618822803, 0.20846502656969823, 1.1092221032019607, 1.8795508153604268, 0.17475272727016833, 0.3320088366190509, 0.959178153738527, 1.8743625333030192, 0.700696599455826, 1.0637461365079457]"
52,10,0.4928885256865394,0.2349148966825858,-52.339142739146695,17.002096956158578,12,0.5740461841052773,9.759988879470782,30,0.6165265246870931,10.482243748773453,51,0.6427130291772121,10.927469237057336,58,0.6565921636570368,11.16344362715088,80,,10.288377780406584,76,,9.851338012296008,104,,10.30271706763076,167,0.6598542873663117,11.218906570738955,136,,9.940261297468677,135,,9.64466060200714,133,"[0.17898843219574498, 0.3818520818279688, 1.974597233621809, 1.9337255232284865, 0.10938596377537828, 1.908442392304154, 1.3143278818494506, 1.7490447595880418, 0.9640057257043323, 1.0796324543005755, 1.0288085024881484, 1.3670420893375983, 0.3653373840369945, 0.1569498207580881, 0.6850668890232627, 1.4388934491996286, 0.4835215590336019, 1.3795216233173428]"
1,1,0.4945586363900602,0.6699488523244188,35.46398809544349,19.118986325214745,12,0.7232771656370295,13.828326239154446,36,,12.463821729194752,47,,12.674648303848402,60,,13.001934923005804,74,,13.455555541771066,85,,13.294730622902938,107,0.7267015196549365,13.893796416795505,141,,13.016706724704298,135,,12.993757784234562,158,,12.993924607868877,135,"[1.9428328876038137, 0.2784113599998949, 1.37794402462774, 0.9431254166786851, 1.7494702833172602, 0.43658459995003324, 1.4159893092297124, 1.6924190503314094, 1.894767017000644, 1.398171253750327, 1.044632051616012, 1.2739097563823063, 1.7509194705095645, 1.1841585186137764, 0.15773541342399003, 1.8688025214632578, 1.4101008269599662, 1.3853754329767682]"
1,2,0.4945586363900602,0.0260597485830018,-94.73070599409198,17.860888641121075,12,0.6572101730046762,11.73835771384844,32,0.6676390204230833,11.924626196243851,47,,11.90487962772576,50,0.6960681844521307,12.432396329126831,69,,12.06907796147488,118,,12.020144446084627,88,,11.852991209480452,111,0.7013122571491692,12.52606012759458,178,,11.961119824401916,149,,11.762485666988134,146,"[0.5097827895556626, 1.3518823934420485, 0.8483423707429011, 1.3373426563788349, 0.3025267575851824, 1.3499060787457684, 1.9988860789642664, 0.19160287383505645, 1.9566309500205028, 0.8731251253734541, 1.7544315556407923, 1.5865324197107196, 1.1773308958746687, 1.5030534975775203, 1.769179566472561, 0.8678666111369626, 0.7213630069701535, 1.368427432570811]"
1,3,0.4945586363900602,0.1135572410124483,-77.03866990548612,13.937029449790618,12,0.6485591973424945,9.03898863329491,27,0.6765031247735205,9.428443972843931,52,0.7180240566899445,10.007122423745884,49,0.7262874106821837,10.122289031689768,70,,9.183132819533046,89,,9.446650444024389,111,,9.58474174557004,139,,9.46299703676298,140,,9.75542623007624,174,,9.324646042111194,166,"[1.6349072896883912, 1.54834175607557, 1.6158459328314054, 0.9276082981445727, 1.653885010732541, 0.32839720520415605, 1.134529286125614, 0.11094145494643098, 0.7167130768105135, 0.7962769162556559, 0.8527281140575852, 1.421387692710738, 0.8382603924136569, 0.9525178829828082, 0.5513338486612221, 0.8091784040957462, 0.5318122917999878, 0.2390722551600429]"
1,4,0.4945586363900602,0.3680057426283252,-25.589057484767547,16.8098997320134,12,0.6819998716536979,11.46434945974467,35,,11.361560146595885,38,,11.2255207802497,68,,10.738141777616342,72,,10.947096434184488,85,,11.133690299823808,89,0.69778324506153,11.729666384163252,136,,11.666725388769365,169,0.7382394676274862,12.409731429032991,177,,11.414884120022288,163,"[1.246552327424618, 1.369604317254531, 1.2770316574182674, 0.9806386832210874, 0.8215929823405366, 1.7403339341864679, 1.0862553917588142, 1.0104455674964887, 0.1487199250322278, 0.748370872489697, 0.8223716756931284, 0.8577632837041109, 1.2023275015319312, 1.113844838781069, 1.2550196763075447, 1.5532781969300435, 1.6446729035605776, 1.4644338448303393]"
1,5,0.4945586363900602,0.1522276867234548,-69.21948672565647,14.88770506670684,12,0.6302488834987797,9.382959496151113,31,,9.14363756347311,49,0.6477053946617694,9.642846885839376,57,0.7166016285139455,10.668553695637438,74,,9.679404555064403,92,,10.273815918924823,114,,10.013622725647997,129,,9.598244687283271,139,,9.637565754705305,148,,10.366628900652822,199,"[1.9154950223143759, 0.1346419070850871, 0.47197817279873755, 0.11436946245847003, 1.3302019568937458, 1.806258043004975, 0.5626163634949686, 1.8613656351129826, 0.21450804155016562, 1.875428450930477, 0.7680831057553054, 0.2926995740535114, 1.0231563424540187, 0.5878754786689651, 0.6412585137276534, 0.6838509333599445, 1.6257492058820604, 1.1244064256829835]"
1,6,0.4945586363900602,0.3887706311251202,-21.390386797634363,15.28398509645586,12,0.6455615303736707,9.86675280907642,38,0.6941914842007602,10.610012298610991,61,0.7341669505489196,11.220996730500133,55,,10.648897739255698,84,,10.375118750483455,98,,10.783081387715738,103,,10.52180155922458,128,,9.966609988325564,127,,10.383394569749296,140,,10.579680279689784,197,"[0.6914846283964069, 1.259634188290745, 1.4606862810240677, 0.6179856013937142, 0.8857432928981679, 0.33158357734020033, 0.4441837641158926, 1.3941239225334674, 0.4447328606216912, 1.0978104289674142, 1.447187897272622, 0.3030661538800133, 1.1778932172949166, 0.5874692890325911, 1.9295610629514015, 1.018736728767857, 1.6313858445728004, 1.1454304300968974]"
1,7,0.4945586363900602,0.2796778693497543,-43.44899699028379,18.11119980035297,12,0.6650104699733868,12.044137491014638,36,0.6749121291526079,12.22346841876451,59,,11.530236331371858,51,0.6980669263065657,12.642829576356483,81,,12.318744542089284,94,0.70625288191931,12.791087054015716,120,,12.255348413012523,122,,11.530701906594803,113,,11.451986615531563,150,0.7091284433551441,12.8431669217183,221,"[0.1824838124241564, 1.3029876136286425, 1.9076663501926483, 1.2430624582780292, 1.6564588329109013, 1.7799922803619748, 0.5333515667029717, 0.5028851958256306, 1.2608638788168842, 0.8809540926327389, 1.6957364754467685, 1.8100439344562211, 0.7715006206751643, 0.5500540620515159, 1.5829984789633373, 0.6221314675414585, 1.662967205175989, 0.9051026819326493]"
1,8,0.4945586363900602,0.3895539343540921,-21.232002498718973,14.516904831169777,12,0.642816359333593,9.331703912364803,30,,9.287129260070037,40,0.6445743670419559,9.357224742959572,49,0.7097269666722238,10.303038831295476,91,,10.250476647012784,97,,9.28502358100476,86,,9.657142686951596,119,,10.21551616804281,146,,9.90502715697515,150,,9.87375462958701,179,"[1.368344808653794, 0.2815170962858695, 1.2853327168854887, 0.9583585896007353, 1.2145560800334008, 0.4192269947152405, 1.500060115393946, 1.7393144473321343, 0.5118056201724737, 0.28185765548830727, 0.14491331348803915, 1.3197458508422053, 1.2534786685686834, 1.138725084156733, 0.5406994826203533, 0.8427213922204778, 1.2295050368537288, 1.0438570318324218]"
1,9,0.4945586363900602,0.0645572536798084,-86.94649149167988,15.037180861863888,12,0.6528077242288827,9.816387817251472,30,0.7456490498758028,11.212459622459416,45,,9.705750506344966,50,,10.453830010368506,71,,10.10913912711115,77,,10.802836494015418,110,,10.69777409512032,133,,10.173204322843368,108,,10.44482521867234,152,,10.183017393581435,166,"[1.9767924884082857, 0.35923552985779295, 1.4207746526904281, 0.868205659398155, 0.913579268358668, 1.4634357547505348, 1.4156286875163022, 1.9833863880341578, 0.34394914996283793, 0.29780833382991606, 1.4762437525446082, 1.1989351423121772, 0.6209052664636311, 0.2508968010790745, 0.262750674233218, 1.7989626618618246, 0.4645479169656115, 0.7144059680194894]"
1,10,0.4945586363900602,0.5392921269453428,9.045133835252878,16.047756702289938,12,0.6697064623932203,10.747286370437685,35,0.691659415932455,11.099582027731998,43,0.7180667431912509,11.523360390738905,67,,10.436617442796642,74,,11.082766160662198,90,,10.586262842777511,93,,10.766540221395989,103,,10.636806682652868,161,,11.178378568700234,150,,11.219783766105188,157,"[0.5306471642312772, 0.7744929810806809, 0.2319053012175774, 1.0862136027257137, 0.2284638708252083, 1.6206773648624868, 0.5440529556298227, 1.12602263774857, 1.7721502663667705, 1.3366670011896689, 1.1126197944475371, 0.7162341309192136, 0.732703634810576, 1.3720252148765613, 1.9888647863202182, 1.3574944607138193, 1.1597884930030473, 1.4882359694545675]"
13,1,0.5255493324817069,0.248444071698815,-52.72678389188845,16.152589971707908,12,0.6067560447326229,9.80068160342132,33,0.6531966380084502,10.550817464648611,45,,10.389523377406489,55,,10.030370513240602,74,,9.688284849766076,92,0.6741094349206919,10.888613298333652,113,,9.736808479432256,126,,9.86417740798043,175,,9.355661137209024,127,,9.494131029732568,183,"[0.9838906633390645, 0.2142704509414919, 1.1683639501680285, 1.9194880405602224, 0.4330755904795533, 1.4110092925592648, 0.4817740084522073, 1.1180726004988544, 0.2836852543287673, 0.9557047788905517, 1.5367103249009675, 0.7603858960540659, 1.363332276525714, 1.6113549255004853, 1.86163785701096, 0.5458199555253617, 0.8587002400376854, 0.3895904253277931]"
13,2,0.5255493324817069,0.0526041271296904,-89.99063953115734,16.839667051781372,12,0.6455587302769009,10.870994080233746,31,0.6598909106443867,11.112343225748283,36,0.6973295810964255,11.742797971021984,56,,11.10198885537322,74,,11.650460517922438,88,,10.999932833236464,84,,11.203297137385926,111,,11.299873660635148,160,,11.214115545114796,119,,10.85772554001171,167,"[1.9857186541009129, 1.861301839056161, 1.125918547533063, 1.6998632593152003, 1.0898201568168802, 1.2848128072052434, 0.2693364210204316, 1.535013798943935, 0.3426556189069462, 1.669528497479804, 1.585853366573733, 1.4466149257116552, 0.16870472299704803, 0.6759438762961243, 0.5999138828306014, 0.7842591741958862, 0.2665212188512932, 1.8802198637590193]"
13,3,0.5255493324817069,0.1410469386128756,-73.16199833289957,19.84157107744091,12,0.6358545017188247,12.616352290764835,34,,12.21736921972,48,0.6485331371635263,12.867916337105846,53,0.7012147431359134,13.913202166480698,74,,12.243263445031,104,,12.507513467350137,104,,12.478822396145205,101,,12.13709316466256,157,,12.64945049286065,132,,12.938186626940372,204,"[1.1522242573535149, 0.6804961902502448, 0.8542648824411385, 0.9496848269591877, 1.241129233385173, 1.0797909126233458, 1.846844749107393, 1.0442306175210774, 1.985100228164294, 1.7177074197156819, 0.496169977278938, 1.8681309078234407, 0.3210961559824046, 1.653154446133264, 0.8231842576055022, 1.768151208845632, 1.7493077112041555, 1.6312582602234802]"
13,4,0.5255493324817069,0.3455761596413058,-34.244772415663846,17.781932601644787,12,0.658004576983877,11.70059303950109,34,,11.17349151409541,47,0.674263370069356,11.989705802331166,60,,10.668825421163172,64,,11.153121197994832,82,,11.196138202062867,100,,11.17621457537344,151,,10.591000014952083,116,,10.424225356499289,135,,11.623542871623064,173,"[1.6010578289834165, 0.6788903642862775, 0.25374663779737916, 0.8656623396538068, 0.4296965784743665, 1.4204070689146773, 0.7575894804217925, 1.9536593816338381, 1.3178469469561307, 1.6627130709052858, 0.351796878209512, 1.7378275163179828, 1.853238661975449, 1.0254176457559783, 1.251880581726857, 1.5531386217156913, 0.43219339179478383, 1.0548755452805405]"
13,5,0.5255493324817069,0.4366311459650074,-16.919094178431767,14.690462090765903,12,0.6213842328234829,9.12842151609303,31,0.6429409336953029,9.445099413052484,44,,9.30073325933644,60,,8.813588761172696,67,0.6458401835205408,9.4876907327018,103,,9.322778533047504,113,0.7057324180457549,10.36753533352572,215,,8.378099323298303,114,,8.81632180826199,175,,8.649625826474079,158,"[0.8574597527673948, 0.3781105851082733, 0.7983154023539097, 0.22952738783243778, 0.14904262320402528, 0.3568159493941632, 1.9299187120194303, 1.144106118200532, 1.9350621061911177, 0.9217459688272507, 0.6924506528619931, 1.0616695393964637, 0.9350722084025292, 0.30076290009731343, 1.3175699979113917, 0.5104725467682393, 1.2772171143058761, 1.3353820755564914]"
13,6,0.5255493324817069,0.3579282529313019,-31.894451993474743,15.161742134295624,12,0.542620088249657,8.227065854930034,36,0.6067142328949061,9.198844748359546,40,,8.626990767981427,46,0.6623712859823669,10.04270263522643,80,,9.188399087167076,92,,9.307672843416473,140,,8.987701471959289,121,,8.50631455140587,137,,9.193724836458294,204,,9.617156929942206,214,"[0.3888472209444314, 0.2165642915102695, 1.5834470135300356, 0.9736208051617083, 0.210511211460404, 1.9902460026225575, 0.20978306589309662, 1.420566934831251, 1.9689899580004857, 0.5544421980102586, 0.3702738005056727, 0.3306313849026149, 0.6762227803784315, 0.2919870409202287, 1.4151065492188506, 0.21835441644711912, 1.0679020434846005, 1.9937240223206558]"
13,7,0.5255493324817069,0.4728811772260446,-10.02154355461873,16.357226718186883,12,0.6097147066895273,9.973241690733415,31,0.6498266354018438,10.629361602784526,45,0.6826921370196886,11.16695006395455,57,,10.315556395172802,66,,10.067626339765608,83,0.6955954882095932,11.378013104792206,140,,10.296822118234845,98,,10.219525987265012,124,,10.145353549506645,147,,10.228634589614105,196,"[1.6465435120614356, 1.2689169326389207, 0.6818818794945621, 1.2854020889541131, 1.101378781432138, 0.9095584293917058, 0.34834971580637897, 1.7845480089568868, 0.9545908327605127, 0.4697827724594536, 0.7987427666668503, 0.8868465298049614, 1.672322001577061, 1.493867323066664, 1.5616792979185457, 0.1209594024144297, 0.8906925965415469, 1.0145538881071148]"
13,8,0.5255493324817069,0.4569798768803981,-13.047196783128925,15.737497783642578,12,0.5500161502503365,8.655877945532293,30,0.610558831600721,9.60866825909975,39,,9.258725386611731,50,,9.191936675211968,82,,9.41558059374778,109,,9.069338438273146,89,0.6157818528460932,9.690865544372713,136,,8.977261527746386,154,,8.838794331602744,126,,9.06354553069502,155,"[0.1364653259638077, 0.593645096615565, 1.5445506639320565, 0.3605084408850982, 1.117089249759924, 0.5088835568327512, 0.12302947182339723, 0.5582827694391288, 1.9541601343291022, 1.6229205125776802, 1.9231956242099635, 1.0269226834600886, 0.3084987774872567, 1.1411230290500165, 0.9633169356639256, 1.7042784572052703, 0.2863569034900647, 1.0276581603413786]"
13,9,0.5255493324817069,0.8183268618639801,55.70885762517148,19.362473273631515,12,0.5776125372166515,11.184007314371904,33,0.6210640860382355,12.02533676712772,45,,11.832591675237463,57,0.6588011708889341,12.756020063974136,99,,10.958296271371276,81,,11.60197949495701,85,,11.351878351965611,111,,10.8575749270974,115,,11.32448553932119,143,,10.76551896764401,158,"[0.3850924629185701, 0.7168842610911139, 1.5009784470368193, 1.0044344458006564, 0.8141877417769617, 0.8495049292830671, 0.9729488599713746, 1.591531433290408, 1.7949609089864453, 1.9151359043574636, 1.5951164338850605, 0.6992731019212242, 1.40745594156443, 0.9314459357052446, 0.5838741818874972, 1.697656000909253, 0.17301006302841748, 1.8133477850573045]"
13,10,0.5255493324817069,0.64883042406088,23.457567912231003,14.842297000903436,12,0.6236054468660072,9.255737253766386,30,,9.216400854249375,45,,9.001776710349324,65,,9.141366681954402,67,0.6408040117625196,9.511003461949734,106,0.6566228454129925,9.74579128919794,110,,9.127549459178148,112,0.6584011298976797,9.772185115671766,175,,8.829741289419454,192,,9.65392197998944,205,"[0.9768071827869949, 1.3106828059357327, 1.3527724521909872, 1.8007237073424192, 1.309672396117694, 1.2664738110441174, 0.22663887706531094, 1.0849752416958878, 0.38532110155237914, 1.5011241605708225, 1.0732216495440814, 1.3924327804958712, 0.1791785111445301, 0.2611048304870261, 1.4610144373190963, 0.2369602383974794, 0.23538778275399133, 0.12300610294628617]"
